movieId,title,avg_sentiment,tag_count,avg_rating,num_ratings
1,Toy Story (1995),0.09999999999999999,3,3.9209302325581397,215
2,Jumanji (1995),-0.08750000000000001,4,3.4318181818181817,110
3,Grumpier Old Men (1995),0.05,2,3.2596153846153846,52
5,Father of the Bride Part II (1995),0.0,2,3.0714285714285716,49
7,Sabrina (1995),0.0,1,3.185185185185185,54
11,"American President, The (1995)",0.0,2,3.6714285714285713,70
14,Nixon (1995),0.0,2,3.8333333333333335,18
16,Casino (1995),0.0,1,3.926829268292683,82
17,Sense and Sensibility (1995),0.0,1,3.7761194029850746,67
21,Get Shorty (1995),0.0,1,3.49438202247191,89
22,Copycat (1995),0.0,1,3.2222222222222223,36
25,Leaving Las Vegas (1995),0.0,1,3.625,76
26,Othello (1995),0.0,1,3.5,13
28,Persuasion (1995),0.0,2,4.2272727272727275,11
29,"City of Lost Children, The (Cité des enfants perdus, La) (1995)",0.0,1,4.0131578947368425,38
31,Dangerous Minds (1995),0.08,2,3.1842105263157894,38
32,Twelve Monkeys (a.k.a. 12 Monkeys) (1995),0.0,10,3.983050847457627,177
34,Babe (1995),0.2333333333333333,3,3.65234375,128
36,Dead Man Walking (1995),0.0,2,3.8358208955223883,67
38,It Takes Two (1995),0.0,1,2.125,4
39,Clueless (1995),0.03571428571428571,7,3.293269230769231,104
40,"Cry, the Beloved Country (1995)",0.0,2,4.25,2
41,Richard III (1995),0.0,1,3.7,15
43,Restoration (1995),0.0,1,3.1875,8
45,To Die For (1995),0.0,1,3.3125,32
46,How to Make an American Quilt (1995),0.0,1,3.066666666666667,15
47,Seven (a.k.a. Se7en) (1995),0.0,3,3.9753694581280787,203
50,"Usual Suspects, The (1995)",0.0,6,4.237745098039215,204
52,Mighty Aphrodite (1995),0.0,2,3.4642857142857144,28
58,"Postman, The (Postino, Il) (1994)",0.0,1,4.027027027027027,37
62,Mr. Holland's Opus (1995),0.0,1,3.70625,80
92,Mary Reilly (1996),0.0,1,2.625,8
96,In the Bleak Midwinter (1995),0.0,1,3.5,1
101,Bottle Rocket (1996),-0.16666666666666666,3,3.782608695652174,23
104,Happy Gilmore (1996),0.0,3,3.4393939393939394,99
107,Muppet Treasure Island (1996),0.0,1,3.326923076923077,26
110,Braveheart (1995),0.24500000000000002,10,4.031645569620253,237
111,Taxi Driver (1976),0.0,1,4.105769230769231,104
116,Anne Frank Remembered (1995),0.0,1,3.9,5
122,Boomerang (1992),0.0,1,2.65625,16
140,Up Close and Personal (1996),0.0,1,3.5,16
147,"Basketball Diaries, The (1995)",0.0,4,3.466666666666667,15
150,Apollo 13 (1995),0.0,3,3.845771144278607,201
153,Batman Forever (1995),0.0,2,2.9160583941605838,137
160,Congo (1995),0.0,1,2.8771929824561404,57
161,Crimson Tide (1995),0.0,1,3.6359223300970873,103
162,Crumb (1994),0.0,1,4.205882352941177,17
175,Kids (1995),0.34545454545454546,3,3.975,20
185,"Net, The (1995)",0.0,1,3.0401785714285716,112
199,"Umbrellas of Cherbourg, The (Parapluies de Cherbourg, Les) (1964)",0.0,1,4.125,4
215,Before Sunrise (1995),0.0,1,4.041666666666667,24
216,Billy Madison (1995),0.0,3,3.326530612244898,49
222,Circle of Friends (1995),0.0,1,3.75,16
223,Clerks (1994),0.06666666666666667,6,3.855769230769231,104
224,Don Juan DeMarco (1995),-0.05,2,3.6125,40
230,Dolores Claiborne (1995),0.0,1,3.3958333333333335,24
232,Eat Drink Man Woman (Yin shi nan nu) (1994),0.0,1,3.892857142857143,14
235,Ed Wood (1994),0.0,1,3.6785714285714284,70
237,Forget Paris (1995),0.0,3,3.340909090909091,22
246,Hoop Dreams (1994),0.0,1,4.293103448275862,29
247,Heavenly Creatures (1994),0.0,1,3.9285714285714284,21
248,Houseguest (1994),-0.3499999999999999,2,3.176470588235294,17
249,Immortal Beloved (1994),0.0,1,3.7222222222222223,18
252,I.Q. (1994),0.0,1,3.453488372093023,43
257,Just Cause (1995),0.0,1,3.5,14
260,Star Wars: Episode IV - A New Hope (1977),0.10897435897435898,26,4.231075697211155,251
261,Little Women (1994),0.0,1,3.880952380952381,42
262,"Little Princess, A (1995)",0.0,3,3.9047619047619047,21
272,"Madness of King George, The (1994)",-0.05,2,3.7580645161290325,31
273,Mary Shelley's Frankenstein (Frankenstein) (1994),0.0,1,2.9464285714285716,28
277,Miracle on 34th Street (1994),0.0,1,3.223684210526316,38
279,My Family (1995),0.0,1,3.0,2
280,Murder in the First (1995),0.0,1,4.076923076923077,13
282,Nell (1994),0.0,2,3.3375,40
288,Natural Born Killers (1994),0.06666666666666667,6,3.233695652173913,92
290,Once Were Warriors (1994),0.0,1,4.035714285714286,14
293,Léon: The Professional (a.k.a. The Professional) (Léon) (1994),0.04119047619047619,35,4.018796992481203,133
296,Pulp Fiction (1994),0.05644172586161536,181,4.197068403908795,307
300,Quiz Show (1994),0.0,1,3.5185185185185186,81
307,Three Colors: Blue (Trois couleurs: Bleu) (1993),0.0,1,3.8958333333333335,24
308,Three Colors: White (Trzy kolory: Bialy) (1994),-0.3,2,4.025,20
316,Stargate (1994),0.0,1,3.375,140
317,"Santa Clause, The (1994)",0.0,1,3.2037037037037037,81
318,"Shawshank Redemption, The (1994)",0.0,4,4.429022082018927,317
326,To Live (Huozhe) (1994),0.0,1,4.0,3
329,Star Trek: Generations (1994),0.0,1,3.3935185185185186,108
337,What's Eating Gilbert Grape (1993),-0.1,1,3.7662337662337664,77
338,Virtuosity (1995),0.0,1,2.8421052631578947,19
339,While You Were Sleeping (1995),-0.1,1,3.4693877551020407,98
342,Muriel's Wedding (1994),0.0,2,3.272727272727273,33
345,"Adventures of Priscilla, Queen of the Desert, The (1994)",-0.03333333333333333,3,3.5972222222222223,36
349,Clear and Present Danger (1994),0.0,1,3.6045454545454545,110
350,"Client, The (1994)",0.0,1,3.3859649122807016,57
351,"Corrina, Corrina (1994)",0.0,1,3.176470588235294,17
356,Forrest Gump (1994),-0.033333333333333326,9,4.164133738601824,329
357,Four Weddings and a Funeral (1994),0.0,1,3.5194174757281553,103
361,It Could Happen to You (1994),0.0,1,3.0588235294117645,17
363,"Wonderful, Horrible Life of Leni Riefenstahl, The (Macht der Bilder: Leni Riefenstahl, Die) (1993)",0.0,2,4.0,2
364,"Lion King, The (1994)",0.1375,5,3.941860465116279,172
371,"Paper, The (1994)",0.0,1,3.3095238095238093,21
377,Speed (1994),0.0,1,3.5292397660818713,171
380,True Lies (1994),0.0,1,3.497191011235955,178
381,When a Man Loves a Woman (1994),0.0,1,3.8181818181818183,11
410,Addams Family Values (1993),-0.05277777777777778,6,3.1011904761904763,84
412,"Age of Innocence, The (1993)",0.0,1,3.5,15
413,Airheads (1994),0.0,1,2.7884615384615383,26
421,Black Beauty (1994),0.0,1,3.2083333333333335,12
425,Blue Sky (1994),0.45,2,3.75,2
431,Carlito's Way (1993),0.0,3,3.738095238095238,42
440,Dave (1993),0.0,1,3.5460526315789473,76
454,"Firm, The (1993)",0.0,1,3.5346534653465347,101
457,"Fugitive, The (1993)",0.0,1,3.9921052631578946,190
471,"Hudsucker Proxy, The (1994)",0.0,1,3.55,40
474,In the Line of Fire (1993),0.0,1,3.692857142857143,70
475,In the Name of the Father (1993),0.0,1,4.3,25
477,What's Love Got to Do with It? (1993),0.0,1,3.3823529411764706,17
480,Jurassic Park (1993),0.0,1,3.75,238
488,M. Butterfly (1993),0.0,2,3.0,1
497,Much Ado About Nothing (1993),0.0,1,3.813953488372093,43
500,Mrs. Doubtfire (1993),-0.03333333333333333,3,3.388888888888889,144
508,Philadelphia (1993),0.0,1,3.6136363636363638,66
513,Radioland Murders (1994),0.0,2,3.375,4
515,"Remains of the Day, The (1993)",0.0,2,3.6041666666666665,24
516,Renaissance Man (1994),-0.1,1,3.0555555555555554,18
522,Romper Stomper (1992),0.0,3,3.2857142857142856,7
524,Rudy (1993),0.0,1,3.485294117647059,34
527,Schindler's List (1993),-0.021428571428571432,7,4.225,220
529,Searching for Bobby Fischer (1993),0.0,1,3.875,40
531,"Secret Garden, The (1993)",0.0,1,3.25,24
534,Shadowlands (1993),0.0,1,3.607142857142857,14
535,Short Cuts (1993),0.21428571428571427,1,3.2666666666666666,15
538,Six Degrees of Separation (1993),0.0,1,3.5833333333333335,12
539,Sleepless in Seattle (1993),0.0,1,3.4716981132075473,106
540,Sliver (1993),-0.6999999999999998,1,2.6666666666666665,18
541,Blade Runner (1982),-0.04615384615384615,13,4.100806451612903,124
543,So I Married an Axe Murderer (1993),0.0,1,3.317073170731707,41
551,"Nightmare Before Christmas, The (1993)",0.0,2,3.553763440860215,93
552,"Three Musketeers, The (1993)",0.0,1,3.262295081967213,61
556,"War Room, The (1993)",0.0,1,3.3333333333333335,6
562,Welcome to the Dollhouse (1995),0.0,1,3.5434782608695654,23
586,Home Alone (1990),0.0,1,2.9956896551724137,116
587,Ghost (1990),0.0,1,3.4347826086956523,115
588,Aladdin (1992),0.0,1,3.7923497267759565,183
589,Terminator 2: Judgment Day (1991),0.0,8,3.970982142857143,224
590,Dances with Wolves (1990),0.0,2,3.8353658536585367,164
592,Batman (1989),0.0,1,3.4285714285714284,189
593,"Silence of the Lambs, The (1991)",-0.08333333333333333,6,4.161290322580645,279
594,Snow White and the Seven Dwarfs (1937),0.0,1,3.616883116883117,77
595,Beauty and the Beast (1991),0.0,1,3.7705479452054793,146
596,Pinocchio (1940),0.0,1,3.45,60
597,Pretty Woman (1990),0.0,1,3.4851851851851854,135
608,Fargo (1996),0.039999999999999994,5,4.116022099447513,181
616,"Aristocats, The (1970)",0.0,1,3.411111111111111,45
628,Primal Fear (1996),0.0,6,3.642857142857143,35
638,Jack and Sarah (1995),0.0,1,3.0,1
647,Courage Under Fire (1996),0.0,1,3.3275862068965516,29
648,Mission: Impossible (1996),0.0,1,3.537037037037037,162
668,Song of the Little Road (Pather Panchali) (1955),0.0,1,4.25,2
670,"World of Apu, The (Apur Sansar) (1959)",0.0,1,4.75,2
671,Mystery Science Theater 3000: The Movie (1996),-0.1,1,3.486111111111111,36
673,Space Jam (1996),0.0,1,2.707547169811321,53
707,Mulholland Falls (1996),-0.6999999999999998,1,2.880952380952381,21
708,"Truth About Cats & Dogs, The (1996)",0.0,1,3.3879310344827585,58
720,Wallace & Gromit: The Best of Aardman Animation (1996),0.0,1,4.092592592592593,27
728,Cold Comfort Farm (1995),0.0,1,3.5,10
733,"Rock, The (1996)",0.0,3,3.6404958677685952,121
736,Twister (1996),0.0,1,3.321138211382114,123
745,Wallace & Gromit: A Close Shave (1995),0.0,1,3.8958333333333335,48
748,"Arrival, The (1996)",0.0,1,3.1136363636363638,22
750,Dr. Strangelove or: How I Learned to Stop Worrying and Love the Bomb (1964),-0.07833333333333334,10,4.268041237113402,97
778,Trainspotting (1996),-0.0375,4,4.03921568627451,102
780,Independence Day (a.k.a. ID4) (1996),0.0,1,3.4455445544554455,202
800,Lone Star (1996),0.0,1,4.157894736842105,19
805,"Time to Kill, A (1996)",0.0,1,3.657142857142857,35
818,"Very Brady Sequel, A (1996)",0.0,1,3.25,10
830,"First Wives Club, The (1996)",0.0,1,3.0714285714285716,21
832,Ransom (1996),0.028124999999999997,4,3.3378378378378377,37
836,Chain Reaction (1996),0.0,1,2.8823529411764706,17
838,Emma (1996),0.0,1,3.9166666666666665,30
852,Tin Cup (1996),0.0,1,3.1744186046511627,43
858,"Godfather, The (1972)",0.0,1,4.2890625,192
892,Twelfth Night (1996),0.0,1,3.5384615384615383,13
898,"Philadelphia Story, The (1940)",0.0,1,4.310344827586207,29
899,Singin' in the Rain (1952),0.0,1,4.074468085106383,47
900,"American in Paris, An (1951)",0.0,1,3.7083333333333335,12
902,Breakfast at Tiffany's (1961),0.0,1,3.8472222222222223,36
903,Vertigo (1958),0.1,5,4.025,60
904,Rear Window (1954),0.08333333333333333,6,4.261904761904762,84
905,It Happened One Night (1934),0.0,1,4.321428571428571,14
906,Gaslight (1944),0.0,1,4.142857142857143,7
907,"Gay Divorcee, The (1934)",0.0,1,3.5,2
908,North by Northwest (1959),0.16666666666666666,3,4.184210526315789,57
909,"Apartment, The (1960)",0.0,1,3.962962962962963,27
910,Some Like It Hot (1959),-0.1,1,4.01,50
911,Charade (1963),0.0,1,3.8076923076923075,13
912,Casablanca (1942),0.85,1,4.24,100
913,"Maltese Falcon, The (1941)",0.0,1,4.170454545454546,44
914,My Fair Lady (1964),0.0,1,4.042857142857143,35
915,Sabrina (1954),-0.012500000000000011,1,3.7666666666666666,30
916,Roman Holiday (1953),0.0,2,4.0576923076923075,26
918,Meet Me in St. Louis (1944),0.0,1,4.1,10
919,"Wizard of Oz, The (1939)",0.0,2,3.880434782608696,92
920,Gone with the Wind (1939),0.0,1,3.6444444444444444,45
921,My Favorite Year (1982),0.0,1,3.388888888888889,9
922,Sunset Blvd. (a.k.a. Sunset Boulevard) (1950),-0.16666666666666666,3,4.333333333333333,27
923,Citizen Kane (1941),0.0,1,4.043478260869565,69
924,2001: A Space Odyssey (1968),0.01524390243902439,41,3.8944954128440368,109
926,All About Eve (1950),0.0,1,4.229166666666667,24
927,"Women, The (1939)",0.0,1,4.0,3
928,Rebecca (1940),0.0,1,4.166666666666667,18
929,Foreign Correspondent (1940),0.0,3,3.5,1
930,Notorious (1946),0.0,1,4.25,20
931,Spellbound (1945),0.0,1,3.8333333333333335,9
934,Father of the Bride (1950),0.0,1,3.25,12
936,Ninotchka (1939),-0.3,2,4.0,6
938,Gigi (1958),0.0,1,3.25,6
940,"Adventures of Robin Hood, The (1938)",0.0,1,4.0,8
941,"Mark of Zorro, The (1940)",0.0,1,3.75,2
943,"Ghost and Mrs. Muir, The (1947)",0.0,1,3.9285714285714284,7
944,Lost Horizon (1937),0.0,1,4.0,3
945,Top Hat (1935),0.0,1,4.071428571428571,7
947,My Man Godfrey (1936),0.0,3,3.75,4
948,Giant (1956),0.0,1,3.9166666666666665,6
950,"Thin Man, The (1934)",0.0,1,3.857142857142857,7
951,His Girl Friday (1940),0.0,1,4.392857142857143,14
952,Around the World in 80 Days (1956),0.0,1,3.625,12
953,It's a Wonderful Life (1946),0.0,1,4.0344827586206895,58
954,Mr. Smith Goes to Washington (1939),0.0,1,4.083333333333333,18
955,Bringing Up Baby (1938),0.0,2,3.861111111111111,18
956,Penny Serenade (1941),0.0,1,4.0,1
965,"39 Steps, The (1935)",0.0,1,4.045454545454546,11
968,Night of the Living Dead (1968),0.0,1,3.75,28
969,"African Queen, The (1951)",0.0,1,3.9705882352941178,34
970,Beat the Devil (1953),0.0,1,3.5,1
971,Cat on a Hot Tin Roof (1958),0.0,1,4.1,10
973,Meet John Doe (1941),0.0,1,3.9,5
976,"Farewell to Arms, A (1932)",0.0,1,3.0,1
986,Fly Away Home (1996),0.0,1,3.5384615384615383,13
991,Michael Collins (1996),0.0,1,3.3181818181818183,11
994,Big Night (1996),0.0,1,4.181818181818182,11
1006,"Chamber, The (1996)",0.0,2,3.5,5
1010,"Love Bug, The (1969)",0.0,2,3.0555555555555554,9
1013,"Parent Trap, The (1961)",0.0,1,3.2083333333333335,12
1022,Cinderella (1950),0.0,1,3.488095238095238,42
1025,"Sword in the Stone, The (1963)",0.0,2,3.58,25
1028,Mary Poppins (1964),0.0,2,3.887323943661972,71
1029,Dumbo (1941),0.0,1,3.3857142857142857,35
1030,Pete's Dragon (1977),0.0,1,2.7666666666666666,15
1032,Alice in Wonderland (1951),0.0,1,3.375,40
1033,"Fox and the Hound, The (1981)",0.0,1,3.575,20
1035,"Sound of Music, The (1965)",0.0,1,3.9375,64
1041,Secrets & Lies (1996),0.0,1,4.590909090909091,11
1042,That Thing You Do! (1996),0.0,1,3.2738095238095237,42
1059,William Shakespeare's Romeo + Juliet (1996),0.12000000000000002,5,3.7222222222222223,36
1066,Shall We Dance (1937),0.0,1,4.5,4
1068,Crossfire (1947),0.0,1,3.5,1
1079,"Fish Called Wanda, A (1988)",0.0,1,3.9225352112676055,71
1080,Monty Python's Life of Brian (1979),0.0,3,3.9269662921348316,89
1081,Victor/Victoria (1982),0.0,1,3.5416666666666665,12
1082,"Candidate, The (1972)",0.0,1,3.5833333333333335,6
1084,Bonnie and Clyde (1967),0.0,2,4.071428571428571,35
1088,Dirty Dancing (1987),0.0,2,3.369047619047619,42
1089,Reservoir Dogs (1992),0.045454545454545456,11,4.202290076335878,131
1090,Platoon (1986),0.0,1,3.984126984126984,63
1093,"Doors, The (1991)",0.0,3,3.4054054054054053,37
1096,Sophie's Choice (1982),0.0,1,4.05,10
1097,E.T. the Extra-Terrestrial (1982),0.0,1,3.7663934426229506,122
1101,Top Gun (1986),-0.1,2,3.3012048192771086,83
1103,Rebel Without a Cause (1955),0.0,2,4.1,15
1104,"Streetcar Named Desire, A (1951)",0.0,1,4.475,20
1120,"People vs. Larry Flynt, The (1996)",0.0,1,3.537037037037037,27
1124,On Golden Pond (1981),0.0,1,3.6538461538461537,13
1125,"Return of the Pink Panther, The (1975)",0.0,1,3.6875,24
1135,Private Benjamin (1980),-0.1,1,3.1153846153846154,13
1136,Monty Python and the Holy Grail (1975),0.0,4,4.161764705882353,136
1147,When We Were Kings (1996),0.0,2,3.9,10
1148,Wallace & Gromit: The Wrong Trousers (1993),0.0,1,4.035714285714286,56
1171,Bob Roberts (1992),0.0,1,3.3529411764705883,17
1177,Enchanted April (1992),0.0,1,4.0,6
1178,Paths of Glory (1957),-0.05,2,4.541666666666667,12
1179,"Grifters, The (1990)",0.0,1,3.6296296296296298,27
1183,"English Patient, The (1996)",0.0,1,3.7111111111111112,45
1185,My Left Foot (1989),0.0,1,3.95,10
1187,Passion Fish (1992),0.0,1,3.6,5
1188,Strictly Ballroom (1992),0.0,2,3.659090909090909,22
1189,"Thin Blue Line, The (1988)",0.0,2,4.0,11
1193,One Flew Over the Cuckoo's Nest (1975),-0.03333333333333333,3,4.203007518796992,133
1196,Star Wars: Episode V - The Empire Strikes Back (1980),0.05416666666666666,10,4.2156398104265405,211
1197,"Princess Bride, The (1987)",0.0,2,4.232394366197183,142
1198,Raiders of the Lost Ark (Indiana Jones and the Raiders of the Lost Ark) (1981),0.0,8,4.2075,200
1200,Aliens (1986),0.011111111111111112,9,3.9642857142857144,126
1201,"Good, the Bad and the Ugly, The (Buono, il brutto, il cattivo, Il) (1966)",0.0,1,4.145833333333333,72
1203,12 Angry Men (1957),0.08333333333333333,9,4.149122807017544,57
1204,Lawrence of Arabia (1962),0.0,1,4.3,45
1206,"Clockwork Orange, A (1971)",0.0,1,3.995833333333333,120
1207,To Kill a Mockingbird (1962),0.0,2,4.120689655172414,58
1208,Apocalypse Now (1979),0.0,1,4.219626168224299,107
1209,Once Upon a Time in the West (C'era una volta il West) (1968),0.0,1,4.305555555555555,18
1210,Star Wars: Episode VI - Return of the Jedi (1983),0.0,3,4.137755102040816,196
1212,"Third Man, The (1949)",0.0,3,4.229166666666667,24
1213,Goodfellas (1990),0.0,1,4.25,126
1214,Alien (1979),0.0,1,3.969178082191781,146
1217,Ran (1985),0.0,1,4.433333333333334,15
1219,Psycho (1960),0.009259259259259264,9,4.036144578313253,83
1220,"Blues Brothers, The (1980)",0.13636363636363635,1,3.8095238095238093,84
1221,"Godfather: Part II, The (1974)",0.0,3,4.25968992248062,129
1222,Full Metal Jacket (1987),0.0,2,4.098039215686274,102
1223,"Grand Day Out with Wallace and Gromit, A (1989)",0.0,1,4.089285714285714,28
1224,Henry V (1989),0.0,1,4.0,19
1225,Amadeus (1984),0.0,2,4.184210526315789,76
1228,Raging Bull (1980),0.0,1,4.1875,40
1230,Annie Hall (1977),0.13636363636363635,1,3.8706896551724137,58
1231,"Right Stuff, The (1983)",0.0,2,3.8636363636363638,22
1233,"Boot, Das (Boat, The) (1981)",0.0,1,4.2125,40
1234,"Sting, The (1973)",0.0,1,3.9765625,64
1235,Harold and Maude (1971),0.0,1,4.288461538461538,26
1237,"Seventh Seal, The (Sjunde inseglet, Det) (1957)",0.0,7,4.222222222222222,18
1240,"Terminator, The (1984)",-0.05952380952380952,8,3.8969465648854964,131
1242,Glory (1989),0.0,1,4.170731707317073,41
1243,Rosencrantz and Guildenstern Are Dead (1990),0.0,1,3.96875,16
1244,Manhattan (1979),-0.08333333333333333,1,4.106060606060606,33
1245,Miller's Crossing (1990),0.0,1,4.225,20
1246,Dead Poets Society (1989),0.08,2,3.9593023255813953,86
1247,"Graduate, The (1967)",0.0,1,4.063291139240507,79
1249,"Femme Nikita, La (Nikita) (1990)",0.0,1,4.071428571428571,35
1250,"Bridge on the River Kwai, The (1957)",0.0,1,4.122222222222222,45
1252,Chinatown (1974),0.0,1,4.211864406779661,59
1253,"Day the Earth Stood Still, The (1951)",0.0,1,3.82,25
1254,"Treasure of the Sierra Madre, The (1948)",-0.6,1,3.65625,16
1257,Better Off Dead... (1985),0.0,1,3.685185185185185,27
1258,"Shining, The (1980)",-0.05555555555555555,9,4.08256880733945,109
1259,Stand by Me (1986),0.0,1,4.0054945054945055,91
1260,M (1931),-0.31428571428571433,7,3.7333333333333334,15
1262,"Great Escape, The (1963)",0.0,1,4.127906976744186,43
1263,"Deer Hunter, The (1978)",0.0,1,3.8255813953488373,43
1266,Unforgiven (1992),0.0,1,4.111111111111111,45
1267,"Manchurian Candidate, The (1962)",0.0,2,4.25,30
1269,Arsenic and Old Lace (1944),0.0,1,3.8793103448275863,29
1270,Back to the Future (1985),0.0,1,4.038011695906433,171
1272,Patton (1970),0.0,1,4.121212121212121,33
1274,Akira (1988),0.16666666666666666,3,3.7435897435897436,39
1276,Cool Hand Luke (1967),0.0,1,4.271929824561403,57
1277,Cyrano de Bergerac (1990),0.0,1,4.125,12
1278,Young Frankenstein (1974),-0.1,1,3.9927536231884058,69
1280,Raise the Red Lantern (Da hong deng long gao gao gua) (1991),0.0,1,4.333333333333333,9
1281,"Great Dictator, The (1940)",0.0,1,4.133333333333334,15
1282,Fantasia (1940),0.0,1,3.7830188679245285,53
1283,High Noon (1952),0.0,1,4.2105263157894735,19
1284,"Big Sleep, The (1946)",0.0,1,4.142857142857143,14
1285,Heathers (1989),0.16,1,3.731707317073171,41
1288,This Is Spinal Tap (1984),-0.05,4,4.015151515151516,66
1291,Indiana Jones and the Last Crusade (1989),0.0,2,4.046428571428572,140
1292,Being There (1979),0.0,1,3.95,20
1293,Gandhi (1982),0.0,1,3.8333333333333335,27
1296,"Room with a View, A (1986)",0.0,1,3.7058823529411766,17
1299,"Killing Fields, The (1984)",0.0,2,4.017857142857143,28
1301,Forbidden Planet (1956),0.0,2,3.8076923076923075,13
1302,Field of Dreams (1989),0.0,1,3.517857142857143,56
1303,"Man Who Would Be King, The (1975)",0.0,1,4.029411764705882,17
1304,Butch Cassidy and the Sundance Kid (1969),0.0,1,3.943548387096774,62
1307,When Harry Met Sally... (1989),0.13636363636363635,1,3.8588235294117648,85
1333,"Birds, The (1963)",0.0,1,3.602272727272727,44
1343,Cape Fear (1991),0.0,5,3.78,25
1344,Cape Fear (1962),0.0,1,3.9642857142857144,14
1345,Carrie (1976),0.05333333333333334,3,3.3472222222222223,36
1348,"Nosferatu (Nosferatu, eine Symphonie des Grauens) (1922)",0.0,1,3.53125,16
1350,"Omen, The (1976)",0.0,1,3.8181818181818183,22
1353,"Mirror Has Two Faces, The (1996)",0.0,1,3.375,4
1354,Breaking the Waves (1996),0.0,1,4.071428571428571,7
1356,Star Trek: First Contact (1996),0.0,1,3.879120879120879,91
1357,Shine (1996),0.0,1,4.0,24
1358,Sling Blade (1996),0.0,1,3.8404255319148937,47
1361,Paradise Lost: The Child Murders at Robin Hood Hills (1996),0.0,1,4.083333333333333,6
1363,"Preacher's Wife, The (1996)",0.0,1,3.5,5
1366,"Crucible, The (1996)",0.0,1,3.9,5
1367,101 Dalmatians (1996),0.0,2,3.074468085106383,47
1372,Star Trek VI: The Undiscovered Country (1991),0.0,1,3.3452380952380953,42
1374,Star Trek II: The Wrath of Khan (1982),0.0,1,3.7661290322580645,62
1376,Star Trek IV: The Voyage Home (1986),0.0,1,3.4767441860465116,43
1377,Batman Returns (1992),0.0,1,3.025,60
1380,Grease (1978),0.16,1,3.139705882352941,68
1381,Grease 2 (1982),0.16,1,2.0789473684210527,19
1387,Jaws (1975),0.0,1,4.0054945054945055,91
1389,Jaws 3-D (1983),0.0,1,1.4166666666666667,6
1393,Jerry Maguire (1996),0.0,1,3.5941176470588236,85
1394,Raising Arizona (1987),0.0,1,3.9913793103448274,58
1396,Sneakers (1992),0.0,1,3.4782608695652173,46
1398,In Love and War (1996),0.0,1,2.5,1
1407,Scream (1996),-0.05,2,3.2,70
1408,"Last of the Mohicans, The (1992)",0.0,2,3.8333333333333335,39
1411,Hamlet (1996),0.0,1,4.0,16
1413,"Whole Wide World, The (1996)",0.0,1,4.25,2
1416,Evita (1996),0.0,1,3.4166666666666665,12
1423,Hearts and Minds (1996),0.0,2,4.0,1
1441,Benny & Joon (1993),-0.05,2,3.473684210526316,19
1446,Kolya (Kolja) (1996),0.0,1,4.428571428571429,7
1449,Waiting for Guffman (1996),0.0,1,3.875,24
1466,Donnie Brasco (1997),0.0,1,3.7403846153846154,52
1474,Jungle2Jungle (a.k.a. Jungle 2 Jungle) (1997),0.0,1,2.1363636363636362,11
1485,Liar Liar (1997),0.0,1,3.0337837837837838,74
1496,Anna Karenina (1997),0.0,1,4.0,1
1500,Grosse Pointe Blank (1997),0.0,2,3.610169491525424,59
1513,Romy and Michele's High School Reunion (1997),0.0,1,2.9655172413793105,29
1537,Shall We Dance? (Shall We Dansu?) (1996),0.0,1,3.8076923076923075,13
1542,Brassed Off (1996),0.0,1,3.7142857142857144,7
1544,"Lost World: Jurassic Park, The (1997)",0.0,1,2.753731343283582,67
1545,Ponette (1996),0.0,1,4.5,2
1569,My Best Friend's Wedding (1997),0.0,3,3.5,40
1573,Face/Off (1997),0.0,1,3.3701298701298703,77
1580,Men in Black (a.k.a. MIB) (1997),0.0,1,3.487878787878788,165
1586,G.I. Jane (1997),-0.1,1,2.7954545454545454,22
1608,Air Force One (1997),0.0,1,3.3448275862068964,58
1610,"Hunt for Red October, The (1990)",0.0,1,3.8722222222222222,90
1617,L.A. Confidential (1997),0.0,1,4.061855670103093,97
1625,"Game, The (1997)",0.0,8,3.7012987012987013,77
1635,"Ice Storm, The (1997)",0.0,1,3.8823529411764706,17
1643,"Mrs. Brown (a.k.a. Her Majesty, Mrs. Brown) (1997)",0.0,2,3.8,5
1645,The Devil's Advocate (1997),0.0,1,3.411764705882353,51
1650,Washington Square (1997),0.0,1,3.75,2
1653,Gattaca (1997),0.26666666666666666,3,3.953488372093023,86
1663,Stripes (1981),-0.1,1,3.7941176470588234,34
1672,"Rainmaker, The (1997)",0.0,1,3.375,12
1674,Witness (1985),0.0,1,3.65,40
1680,Sliding Doors (1998),0.0,1,3.6,25
1682,"Truman Show, The (1998)",0.0,1,3.812,125
1683,"Wings of the Dove, The (1997)",0.0,1,4.416666666666667,6
1704,Good Will Hunting (1997),0.3333333333333333,3,4.078014184397163,141
1711,Midnight in the Garden of Good and Evil (1997),0.0,1,3.1041666666666665,24
1717,Scream 2 (1997),-0.03333333333333333,3,2.9193548387096775,31
1719,"Sweet Hereafter, The (1997)",0.0,2,4.25,16
1721,Titanic (1997),0.0,2,3.414285714285714,140
1726,"Postman, The (1997)",0.0,2,2.6923076923076925,13
1732,"Big Lebowski, The (1998)",0.05708333333333333,32,3.9245283018867925,106
1735,Great Expectations (1998),0.0,1,3.3181818181818183,11
1748,Dark City (1998),0.0,1,3.8229166666666665,48
1777,"Wedding Singer, The (1998)",0.0,1,3.419642857142857,56
1779,Sphere (1998),0.7,1,2.760869565217391,23
1797,Everest (1998),0.0,1,4.25,6
1801,"Man in the Iron Mask, The (1998)",0.0,1,3.5,25
1810,Primary Colors (1998),0.0,1,3.5,11
1834,"Spanish Prisoner, The (1997)",0.0,1,4.0,11
1836,"Last Days of Disco, The (1998)",0.0,1,4.5,3
1893,Beyond Silence (Jenseits der Stille) (1996),0.0,1,4.5,1
1900,"Children of Heaven, The (Bacheha-Ye Aseman) (1997)",0.0,1,4.0,1
1902,Dream for an Insomniac (1996),0.0,1,4.0,1
1909,"X-Files: Fight the Future, The (1998)",0.0,1,3.4404761904761907,42
1912,Out of Sight (1998),0.0,1,3.859375,32
1913,Picnic at Hanging Rock (1975),0.0,1,4.0,3
1916,Buffalo '66 (a.k.a. Buffalo 66) (1998),0.0,5,3.4166666666666665,12
1917,Armageddon (1998),0.0,1,3.0543478260869565,92
1921,Pi (1998),0.024509803921568627,17,3.851063829787234,47
1923,There's Something About Mary (1998),-0.04999999999999999,4,3.676190476190476,105
1931,Mutiny on the Bounty (1935),0.0,1,4.166666666666667,6
1938,"Lost Weekend, The (1945)",0.0,1,4.0,3
1940,Gentleman's Agreement (1947),0.0,2,4.0,1
1942,All the King's Men (1949),-0.016666666666666666,3,4.25,4
1945,On the Waterfront (1954),0.0,2,4.1875,24
1947,West Side Story (1961),0.0,1,3.6029411764705883,34
1948,Tom Jones (1963),0.0,1,3.642857142857143,7
1950,In the Heat of the Night (1967),0.0,1,4.181818181818182,11
1951,Oliver! (1968),0.0,1,3.5714285714285716,7
1952,Midnight Cowboy (1969),0.0,1,3.9545454545454546,22
1953,"French Connection, The (1971)",0.0,2,3.871794871794872,39
1954,Rocky (1976),0.0,2,3.828125,64
1955,Kramer vs. Kramer (1979),0.0,1,3.892857142857143,14
1957,Chariots of Fire (1981),0.0,2,4.038461538461538,13
1959,Out of Africa (1985),0.0,2,3.6666666666666665,15
1960,"Last Emperor, The (1987)",0.0,1,3.6923076923076925,26
1961,Rain Man (1988),0.0,1,3.8072916666666665,96
1962,Driving Miss Daisy (1989),0.0,1,3.739130434782609,23
1975,Friday the 13th Part 2 (1981),0.0,1,2.5,7
1976,Friday the 13th Part 3: 3D (1982),0.0,1,2.2142857142857144,7
1977,Friday the 13th Part IV: The Final Chapter (1984),0.0,1,2.5833333333333335,6
1978,Friday the 13th Part V: A New Beginning (1985),0.0,1,2.5,2
1979,Friday the 13th Part VI: Jason Lives (1986),0.0,1,3.25,4
1983,Halloween II (1981),0.0,1,2.4,5
1984,Halloween III: Season of the Witch (1982),0.0,1,2.1666666666666665,3
1994,Poltergeist (1982),0.0,1,3.425531914893617,47
1995,Poltergeist II: The Other Side (1986),0.0,1,1.6666666666666667,6
1996,Poltergeist III (1988),0.0,1,1.875,4
1997,"Exorcist, The (1973)",0.0,1,3.80188679245283,53
2006,"Mask of Zorro, The (1998)",0.0,2,3.1,60
2011,Back to the Future Part II (1989),0.0,1,3.5057471264367814,87
2019,Seven Samurai (Shichinin no samurai) (1954),0.0,1,4.1875,48
2020,Dangerous Liaisons (1988),0.0,1,4.0,25
2022,"Last Temptation of Christ, The (1988)",0.0,2,3.6875,8
2023,"Godfather: Part III, The (1990)",0.03333333333333333,5,3.3555555555555556,45
2028,Saving Private Ryan (1998),0.0,1,4.1462765957446805,188
2054,"Honey, I Shrunk the Kids (1989)",0.0,1,2.7573529411764706,68
2058,"Negotiator, The (1998)",0.0,1,3.35,30
2059,"Parent Trap, The (1998)",0.0,1,3.0,15
2064,Roger & Me (1989),0.02500000000000001,2,3.838709677419355,31
2065,"Purple Rose of Cairo, The (1985)",0.0,1,3.730769230769231,13
2066,Out of the Past (1947),0.0,1,4.125,4
2070,Tender Mercies (1983),0.0,1,3.4,5
2071,And the Band Played On (1993),0.0,2,3.25,2
2076,Blue Velvet (1986),0.0,2,3.9456521739130435,46
2078,"Jungle Book, The (1967)",0.0,1,3.830188679245283,53
2080,Lady and the Tramp (1955),0.0,1,3.4,55
2085,101 Dalmatians (One Hundred and One Dalmatians) (1961),0.0,1,3.4318181818181817,44
2097,Something Wicked This Way Comes (1983),0.0,2,2.9,10
2100,Splash (1984),0.0,1,3.1176470588235294,51
2108,L.A. Story (1991),0.0,1,3.4791666666666665,24
2114,"Outsiders, The (1983)",0.0,1,3.71875,16
2115,Indiana Jones and the Temple of Doom (1984),0.0,1,3.638888888888889,108
2116,"Lord of the Rings, The (1978)",0.08333333333333333,2,3.1333333333333333,15
2118,"Dead Zone, The (1983)",0.0,1,3.7333333333333334,15
2121,Cujo (1983),0.0,1,2.2142857142857144,7
2122,Children of the Corn (1984),0.0,1,2.4545454545454546,11
2124,"Addams Family, The (1991)",-0.027777777777777776,6,3.289473684210526,38
2138,Watership Down (1978),0.425,2,4.05,10
2139,"Secret of NIMH, The (1982)",0.0,1,3.4761904761904763,21
2145,Pretty in Pink (1986),0.08,2,3.242424242424242,33
2146,St. Elmo's Fire (1985),0.0,1,3.21875,16
2160,Rosemary's Baby (1968),-0.16666666666666666,6,4.171875,32
2167,Blade (1998),0.0,1,3.3620689655172415,58
2171,Next Stop Wonderland (1998),0.0,3,3.3125,8
2186,Strangers on a Train (1951),0.0,1,3.98,25
2187,Stage Fright (1950),0.0,1,3.5,2
2194,"Untouchables, The (1987)",0.0,2,3.9384615384615387,65
2202,Lifeboat (1944),0.0,1,4.357142857142857,7
2203,Shadow of a Doubt (1943),-0.25,1,4.142857142857143,7
2206,Suspicion (1941),0.0,1,4.0,5
2208,"Lady Vanishes, The (1938)",0.0,1,3.9166666666666665,6
2243,Broadcast News (1987),0.0,1,3.4285714285714284,28
2247,Married to the Mob (1988),0.0,1,3.0,12
2248,Say Anything... (1989),0.0,2,3.923076923076923,39
2249,My Blue Heaven (1990),0.0,1,3.1818181818181817,11
2268,"Few Good Men, A (1992)",-0.05,2,3.789473684210526,57
2291,Edward Scissorhands (1990),0.0,1,3.7,80
2295,"Impostors, The (1998)",0.0,1,4.5,2
2296,"Night at the Roxbury, A (1998)",0.0,1,2.1,10
2300,"Producers, The (1968)",0.0,1,3.9696969696969697,33
2302,My Cousin Vinny (1992),0.0,1,3.26271186440678,59
2310,"Mighty, The (1998)",0.0,1,3.6666666666666665,3
2312,Children of a Lesser God (1986),0.0,1,3.8333333333333335,12
2313,"Elephant Man, The (1980)",0.0,1,4.029411764705882,17
2324,Life Is Beautiful (La Vita è bella) (1997),-0.03125,8,4.1477272727272725,88
2329,American History X (1998),0.0,5,4.217054263565892,129
2334,"Siege, The (1998)",0.0,1,2.8076923076923075,13
2335,"Waterboy, The (1998)",0.0,1,3.1785714285714284,28
2336,Elizabeth (1998),0.0,1,3.6739130434782608,23
2351,"Nights of Cabiria (Notti di Cabiria, Le) (1957)",0.0,1,4.285714285714286,7
2355,"Bug's Life, A (1998)",0.0,1,3.516304347826087,92
2357,Central Station (Central do Brasil) (1998),0.0,1,4.416666666666667,6
2360,"Celebration, The (Festen) (1998)",0.0,1,4.458333333333333,12
2387,Very Bad Things (1998),-0.15,2,3.4375,16
2390,Little Voice (1998),0.0,1,3.9285714285714284,7
2391,"Simple Plan, A (1998)",0.0,1,3.7954545454545454,22
2393,Star Trek: Insurrection (1998),0.0,3,3.1515151515151514,33
2394,"Prince of Egypt, The (1998)",0.0,2,3.5,25
2396,Shakespeare in Love (1998),0.0,1,3.777173913043478,92
2410,Rocky III (1982),0.0,1,2.7291666666666665,24
2411,Rocky IV (1985),0.0,1,2.706896551724138,29
2412,Rocky V (1990),0.0,1,1.9411764705882353,17
2420,"Karate Kid, The (1984)",0.0,1,3.5657894736842106,38
2421,"Karate Kid, Part II, The (1986)",0.0,1,2.7758620689655173,29
2422,"Karate Kid, Part III, The (1989)",0.0,1,1.75,14
2423,Christmas Vacation (National Lampoon's Christmas Vacation) (1989),0.0,1,3.566666666666667,30
2424,You've Got Mail (1998),0.0,2,3.12,50
2431,Patch Adams (1998),-0.3499999999999999,2,3.3703703703703702,27
2442,Hilary and Jackie (1998),0.0,1,3.8333333333333335,3
2463,Ruthless People (1986),0.0,1,3.3214285714285716,14
2467,"Name of the Rose, The (Name der Rose, Der) (1986)",0.0,1,3.75,18
2470,Crocodile Dundee (1986),0.0,1,3.175438596491228,57
2471,Crocodile Dundee II (1988),0.0,1,2.4791666666666665,24
2491,Simply Irresistible (1999),0.0,1,3.6,5
2494,"Last Days, The (1998)",0.0,2,4.0,2
2502,Office Space (1999),0.0,2,4.090425531914893,94
2505,8MM (1999),0.0,1,2.9444444444444446,18
2506,"Other Sister, The (1999)",0.0,1,3.3333333333333335,6
2517,Christine (1983),0.0,1,2.95,10
2529,Planet of the Apes (1968),0.0,1,3.8035714285714284,56
2550,"Haunting, The (1963)",0.0,1,4.0,7
2553,Village of the Damned (1960),-1.0,1,3.0833333333333335,6
2554,Children of the Damned (1963),-1.0,1,3.1666666666666665,3
2565,"King and I, The (1956)",0.0,1,4.166666666666667,12
2571,"Matrix, The (1999)",0.0,5,4.192446043165468,278
2572,10 Things I Hate About You (1999),0.0,1,3.5277777777777777,54
2579,Following (1998),-0.023809523809523808,7,3.8333333333333335,6
2581,Never Been Kissed (1999),0.16,1,2.9583333333333335,36
2583,Cookie's Fortune (1999),0.0,1,3.875,12
2598,Pushing Tin (1999),0.0,1,2.84,25
2600,eXistenZ (1999),0.0,1,3.8636363636363638,22
2612,Mildred Pierce (1945),0.0,1,4.0,1
2616,Dick Tracy (1990),0.25,1,2.8846153846153846,26
2628,Star Wars: Episode I - The Phantom Menace (1999),0.0,2,3.107142857142857,140
2640,Superman (1978),0.0,1,3.6065573770491803,61
2641,Superman II (1980),0.0,1,3.020408163265306,49
2642,Superman III (1983),0.0,1,2.25,22
2648,Frankenstein (1931),0.0,1,3.909090909090909,11
2660,"Thing from Another World, The (1951)",0.0,1,3.5,4
2662,"War of the Worlds, The (1953)",0.16666666666666666,1,3.1666666666666665,12
2664,Invasion of the Body Snatchers (1956),0.0,1,3.769230769230769,13
2677,Buena Vista Social Club (1999),0.0,1,4.375,4
2692,Run Lola Run (Lola rennt) (1998),0.0,1,4.0,75
2693,Trekkies (1997),0.0,1,3.375,4
2694,Big Daddy (1999),0.0,1,3.1979166666666665,48
2699,Arachnophobia (1990),0.0,1,2.811320754716981,53
2700,"South Park: Bigger, Longer and Uncut (1999)",0.04375000000000001,8,3.861842105263158,76
2706,American Pie (1999),0.109375,8,3.378640776699029,103
2710,"Blair Witch Project, The (1999)",0.175,2,2.796875,64
2712,Eyes Wide Shut (1999),0.0,1,3.4622641509433962,53
2716,Ghostbusters (a.k.a. Ghost Busters) (1984),0.0,1,3.775,120
2717,Ghostbusters II (1989),0.0,1,3.0,47
2719,"Haunting, The (1999)",0.0,1,2.1153846153846154,13
2723,Mystery Men (1999),0.0,1,3.08974358974359,39
2726,"Killing, The (1956)",0.0,1,4.055555555555555,9
2728,Spartacus (1960),0.0,3,3.576923076923077,13
2731,"400 Blows, The (Les quatre cents coups) (1959)",0.04,5,4.0,12
2745,"Mission, The (1986)",0.0,2,3.5,9
2750,Radio Days (1987),0.0,2,3.142857142857143,7
2761,"Iron Giant, The (1999)",0.0,2,4.051282051282051,39
2762,"Sixth Sense, The (1999)",0.03333333333333333,9,3.893854748603352,179
2787,Cat's Eye (1985),0.0,1,2.4166666666666665,6
2791,Airplane! (1980),-0.05,2,3.8563218390804597,87
2797,Big (1988),0.0,1,3.71978021978022,91
2801,Oscar and Lucinda (a.k.a. Oscar & Lucinda) (1997),0.0,1,4.5,1
2803,"Pelican Brief, The (1993)",0.0,1,2.923076923076923,13
2804,"Christmas Story, A (1983)",0.0,1,3.9727272727272727,55
2827,"Astronaut's Wife, The (1999)",0.0,1,2.272727272727273,11
2863,"Hard Day's Night, A (1964)",0.0,1,3.473684210526316,19
2871,Deliverance (1972),0.0,1,3.9,30
2872,Excalibur (1981),0.0,2,3.64,25
2905,Sanjuro (Tsubaki Sanjûrô) (1962),0.0,1,4.25,4
2915,Risky Business (1983),0.0,1,3.4404761904761907,42
2918,Ferris Bueller's Day Off (1986),0.16,1,3.8394495412844036,109
2919,"Year of Living Dangerously, The (1982)",0.20833333333333334,3,3.8125,8
2927,Brief Encounter (1946),0.0,1,3.5,2
2935,"Lady Eve, The (1941)",0.0,1,4.0,8
2937,"Palm Beach Story, The (1942)",0.0,1,4.1,5
2940,Gilda (1946),0.0,1,4.0,6
2941,South Pacific (1958),0.0,1,3.7777777777777777,9
2943,Indochine (1992),0.0,1,4.166666666666667,3
2951,"Fistful of Dollars, A (Per un pugno di dollari) (1964)",-0.6999999999999998,1,3.9358974358974357,39
2952,Sydney (Hard Eight) (1996),0.0,1,3.5416666666666665,12
2953,Home Alone 2: Lost in New York (1992),0.0625,4,2.5161290322580645,31
2959,Fight Club (1999),-0.0015432098765432085,54,4.272935779816514,218
2966,"Straight Story, The (1999)",0.0,2,3.9285714285714284,14
2967,"Bad Seed, The (1956)",-1.0,1,4.0,4
2968,Time Bandits (1981),0.0,1,3.731707317073171,41
2987,Who Framed Roger Rabbit? (1988),0.13636363636363635,1,3.5721649484536084,97
3000,Princess Mononoke (Mononoke-hime) (1997),0.041666666666666664,6,3.9583333333333335,48
3006,"Insider, The (1999)",0.175,2,3.7419354838709675,31
3007,American Movie (1999),0.0,1,3.75,6
3011,"They Shoot Horses, Don't They? (1969)",0.0,1,3.25,4
3028,"Taming of the Shrew, The (1967)",0.0,1,2.5,2
3030,Yojimbo (1961),0.0,1,4.230769230769231,13
3039,Trading Places (1983),0.0,2,3.730769230769231,39
3040,Meatballs (1979),0.0,1,3.2222222222222223,9
3044,Dead Again (1991),0.0,2,3.769230769230769,13
3052,Dogma (1999),0.0,5,3.6455696202531644,79
3060,"Commitments, The (1991)",0.0,1,3.8666666666666667,15
3071,Stand and Deliver (1988),0.16,1,3.5,9
3072,Moonstruck (1987),0.13636363636363635,1,3.5555555555555554,27
3077,42 Up (1998),0.0,2,4.0,2
3081,Sleepy Hollow (1999),0.0,1,3.475806451612903,62
3087,Scrooged (1988),0.06818181818181818,2,3.1666666666666665,24
3095,"Grapes of Wrath, The (1940)",0.0,2,4.111111111111111,9
3097,"Shop Around the Corner, The (1940)",0.0,1,3.6666666666666665,3
3098,"Natural, The (1984)",0.0,2,3.6458333333333335,24
3101,Fatal Attraction (1987),0.0,1,3.0972222222222223,36
3108,"Fisher King, The (1991)",0.0,1,3.8055555555555554,36
3111,Places in the Heart (1984),0.0,1,4.25,4
3114,Toy Story 2 (1999),0.078125,8,3.8608247422680413,97
3115,Flawless (1999),-0.1,1,4.0,5
3125,"End of the Affair, The (1999)",0.0,1,4.0,1
3134,Grand Illusion (La grande illusion) (1937),0.0,2,3.7142857142857144,7
3135,"Great Santini, The (1979)",0.0,1,3.6666666666666665,3
3147,"Green Mile, The (1999)",0.0,1,4.148648648648648,111
3152,"Last Picture Show, The (1971)",0.0,1,4.5,8
3160,Magnolia (1999),0.0,1,3.7115384615384617,52
3174,Man on the Moon (1999),0.0,1,3.4871794871794872,39
3175,Galaxy Quest (1999),-0.1,1,3.58,75
3176,"Talented Mr. Ripley, The (1999)",-0.08333333333333333,12,3.336734693877551,49
3178,"Hurricane, The (1999)",0.0,1,3.53125,16
3181,Titus (1999),0.0,1,3.9166666666666665,6
3186,"Girl, Interrupted (1999)",0.041666666666666664,6,3.4642857142857144,28
3192,"Terrorist, The (a.k.a. Malli) (Theeviravaathi) (1998)",0.0,1,3.0,1
3210,Fast Times at Ridgemont High (1982),0.16,1,3.4761904761904763,42
3211,"Cry in the Dark, A (1988)",0.0,2,3.75,2
3247,Sister Act (1992),0.0,1,3.0277777777777777,36
3250,Alive (1993),0.0,1,3.1666666666666665,9
3258,Death Becomes Her (1992),0.0,1,2.8666666666666667,15
3259,Far and Away (1992),0.0,1,3.1363636363636362,11
3260,Howards End (1992),0.0,1,4.0,12
3263,White Men Can't Jump (1992),0.0,1,3.0454545454545454,22
3265,Hard-Boiled (Lat sau san taam) (1992),0.35,2,4.0,9
3266,Man Bites Dog (C'est arrivé près de chez vous) (1992),-0.20277777777777775,6,4.5,6
3270,"Cutting Edge, The (1992)",0.0,1,2.7916666666666665,12
3273,Scream 3 (2000),-0.05,2,2.6724137931034484,29
3281,"Brandon Teena Story, The (1998)",0.0,1,2.0,1
3306,"Circus, The (1928)",0.125,2,4.125,4
3307,City Lights (1931),-0.5,1,3.8461538461538463,13
3310,"Kid, The (1921)",0.0,1,4.1,5
3317,Wonder Boys (2000),0.0,1,3.659090909090909,22
3330,Splendor in the Grass (1961),0.0,2,4.25,2
3341,Born Yesterday (1950),0.0,1,4.285714285714286,7
3360,Hoosiers (a.k.a. Best Shot) (1986),0.0,1,3.7045454545454546,22
3384,"Taking of Pelham One Two Three, The (1974)",0.0,1,4.5,4
3385,Volunteers (1985),0.0,1,2.8125,8
3386,JFK (1991),0.0,2,3.5,31
3408,Erin Brockovich (2000),0.175,2,3.5285714285714285,70
3420,...And Justice for All (1979),0.0,1,3.1666666666666665,3
3421,Animal House (1978),0.0,2,3.693548387096774,62
3424,Do the Right Thing (1989),0.4,2,4.037037037037037,27
3429,Creature Comforts (1989),0.0,1,4.25,12
3435,Double Indemnity (1944),0.0,1,4.323529411764706,17
3447,"Good Earth, The (1937)",0.0,1,4.0,2
3451,Guess Who's Coming to Dinner (1967),0.0,4,4.545454545454546,11
3461,Lord of the Flies (1963),0.0,1,3.0384615384615383,13
3462,Modern Times (1936),0.0,1,3.72,25
3468,"Hustler, The (1961)",0.0,1,4.333333333333333,18
3469,Inherit the Wind (1960),0.0,3,4.083333333333333,6
3475,"Place in the Sun, A (1951)",0.0,1,4.5,2
3481,High Fidelity (2000),0.0,2,3.6666666666666665,75
3489,Hook (1991),0.0,1,3.358490566037736,53
3498,Midnight Express (1978),0.0,1,4.0,8
3499,Misery (1990),-0.2261904761904762,7,3.840909090909091,44
3502,My Life (1993),0.0,1,3.5,3
3504,Network (1976),0.0,1,4.0227272727272725,22
3507,"Odd Couple, The (1968)",0.0,1,4.066666666666666,15
3512,Return to Me (2000),0.0,1,3.5625,8
3515,Me Myself I (2000),0.0,1,3.611111111111111,9
3526,Parenthood (1989),0.0,1,3.7,15
3527,Predator (1987),0.0,11,3.581967213114754,61
3528,"Prince of Tides, The (1991)",0.0,1,3.4,5
3536,Keeping the Faith (2000),0.0,2,3.4523809523809526,21
3546,What Ever Happened to Baby Jane? (1962),0.0,1,4.5,2
3548,Auntie Mame (1958),0.0,1,3.7,5
3549,Guys and Dolls (1955),0.0,1,3.9375,8
3552,Caddyshack (1980),0.0,1,3.826923076923077,52
3556,"Virgin Suicides, The (1999)",0.0,3,3.769230769230769,26
3559,Limelight (1952),0.0,1,3.6666666666666665,3
3566,"Big Kahuna, The (2000)",0.0,2,2.875,8
3578,Gladiator (2000),0.075,8,3.9382352941176473,170
3608,Pee-wee's Big Adventure (1985),0.0,1,2.94,25
3629,"Gold Rush, The (1925)",0.0,1,4.071428571428571,7
3671,Blazing Saddles (1974),-0.21666666666666667,3,3.935483870967742,62
3675,White Christmas (1954),0.0,1,4.1875,8
3676,Eraserhead (1977),-0.2323529411764706,17,3.75,10
3683,Blood Simple (1984),0.0,1,4.0,19
3712,Soapdish (1991),0.0,1,2.8333333333333335,3
3723,Hamlet (1990),0.0,1,3.8,5
3724,Coming Home (1978),0.0,1,3.3,5
3730,"Conversation, The (1974)",0.0,1,4.205882352941177,17
3735,Serpico (1973),0.0,1,3.7941176470588234,17
3793,X-Men (2000),0.05833333333333333,6,3.699248120300752,133
3801,Anatomy of a Murder (1959),0.0,1,4.0,4
3811,Breaker Morant (1980),0.0,1,3.9285714285714284,7
3816,"Official Story, The (La historia oficial) (1985)",-0.2,1,4.0,1
3844,Steel Magnolias (1989),0.0,1,3.3333333333333335,9
3849,The Spiral Staircase (1945),0.0,1,4.0,2
3859,"Eyes of Tammy Faye, The (2000)",0.0,2,3.75,2
3877,Supergirl (1984),0.0,1,2.2222222222222223,9
3897,Almost Famous (2000),0.0,4,3.8674698795180724,83
3910,Dancer in the Dark (2000),0.0,2,3.975,20
3911,Best in Show (2000),0.0,2,3.688679245283019,53
3932,"Invisible Man, The (1933)",0.0,1,3.5,2
3948,Meet the Parents (2000),0.0,2,3.4175824175824174,91
3949,Requiem for a Dream (2000),-0.19999999999999998,3,3.921875,96
3951,Two Family House (2000),0.0,1,5.0,1
3967,Billy Elliot (2000),0.0,1,3.8513513513513513,37
3983,You Can Count on Me (2000),0.0,1,4.166666666666667,9
3988,How the Grinch Stole Christmas (a.k.a. The Grinch) (2000),0.0,1,3.0454545454545454,33
3994,Unbreakable (2000),0.046875,8,3.4794520547945207,73
3996,"Crouching Tiger, Hidden Dragon (Wo hu cang long) (2000)",0.0,2,3.8363636363636364,110
4007,Wall Street (1987),0.0,1,3.75,20
4012,Punchline (1988),0.0,1,2.5,4
4015,"Dude, Where's My Car? (2000)",-0.6999999999999998,1,2.727272727272727,33
4019,Finding Forrester (2000),0.0,1,3.7142857142857144,28
4024,"House of Mirth, The (2000)",0.0,1,2.1666666666666665,3
4025,Miss Congeniality (2000),0.0,1,3.0546875,64
4027,"O Brother, Where Art Thou? (2000)",0.0,1,3.8085106382978724,94
4029,State and Main (2000),0.0,1,3.875,12
4034,Traffic (2000),0.0,2,3.9,70
4046,Friendly Persuasion (1956),0.0,1,4.0,1
4077,"With a Friend Like Harry... (Harry, un ami qui vous veut du bien) (2000)",0.0,1,4.5,2
4105,"Evil Dead, The (1981)",0.0,1,3.8181818181818183,22
4113,"Glass Menagerie, The (1987)",0.0,1,3.0,2
4117,Hope and Glory (1987),0.0,1,4.333333333333333,3
4138,My Demon Lover (1987),0.0,1,1.0,2
4144,In the Mood For Love (Fa yeung nin wa) (2000),0.1597222222222222,18,4.214285714285714,14
4160,"Widow of St. Pierre, The (Veuve de Saint-Pierre, La) (2000)",0.0,1,4.125,4
4164,"Caveman's Valentine, The (2001)",0.06818181818181818,2,3.5,2
4166,Series 7: The Contenders (2001),0.0,1,2.5,2
4171,Long Night's Journey Into Day (2000),0.0,1,4.0,1
4174,Avalon (1990),0.0,1,3.0,1
4184,"Bishop's Wife, The (1947)",0.0,1,4.0,1
4189,"Greatest Story Ever Told, The (1965)",0.0,2,2.5,1
4190,Elmer Gantry (1960),0.0,2,4.0,2
4191,Alfie (1966),0.0,1,3.25,4
4204,Losin' It (1983),0.0,1,1.0,1
4210,Manhunter (1986),0.0,2,3.9166666666666665,6
4211,Reversal of Fortune (1990),0.0,1,3.75,6
4214,Revenge of the Nerds (1984),0.0,1,2.8846153846153846,13
4218,River's Edge (1986),0.0,1,3.5,1
4221,Necessary Roughness (1991),0.0,1,2.625,4
4223,Enemy at the Gates (2001),0.0,5,3.5125,40
4226,Memento (2000),-0.011538461538461537,13,4.122641509433962,159
4232,Spy Kids (2001),0.0,1,2.9464285714285716,28
4246,Bridget Jones's Diary (2001),0.0,1,3.623076923076923,65
4259,"Luzhin Defence, The (2000)",0.0,1,3.5,4
4262,Scarface (1983),0.0,1,3.9328358208955225,67
4263,Days of Wine and Roses (1962),0.0,1,4.0,2
4292,Norma Rae (1979),0.0,1,3.5,2
4296,Love Story (1970),0.0,1,3.0,2
4306,Shrek (2001),0.0,1,3.8676470588235294,170
4312,Himalaya (Himalaya - l'enfance d'un chef) (1999),0.0,1,3.5,2
4316,Ice Castles (1978),0.0,1,2.0,2
4326,Mississippi Burning (1988),0.0,2,3.590909090909091,11
4333,Throw Momma from the Train (1987),0.0,1,3.2,10
4343,Evolution (2001),-0.3499999999999999,2,3.037037037037037,27
4347,Divided We Fall (Musíme si pomáhat) (2000),0.0,1,3.8333333333333335,3
4356,Gentlemen Prefer Blondes (1953),0.0,1,3.8,5
4359,"Seven Year Itch, The (1955)",0.0,1,3.375,8
4361,Tootsie (1982),-0.1,1,3.421875,32
4370,A.I. Artificial Intelligence (2001),-0.12,5,3.3392857142857144,56
4380,"Princess and the Warrior, The (Krieger und die Kaiserin, Der) (2000)",0.0,1,3.857142857142857,7
4396,"Cannonball Run, The (1981)",0.0,1,2.75,10
4404,Faust (1926),0.0,1,4.0,1
4446,Final Fantasy: The Spirits Within (2001),0.0,1,3.3548387096774195,31
4447,Legally Blonde (2001),0.0,1,3.15625,64
4448,"Score, The (2001)",-0.5,2,3.55,20
4454,More (1998),0.06190476190476191,7,5.0,1
4465,"Accused, The (1988)",0.0,1,3.7,5
4476,Big Business (1988),0.0,1,2.3333333333333335,3
4477,Big Top Pee-Wee (1988),0.0,1,1.9375,8
4489,Coming to America (1988),0.0,2,3.4583333333333335,24
4495,Crossing Delancey (1988),0.13636363636363635,1,5.0,1
4526,My Stepmother Is an Alien (1988),0.0,1,3.1,5
4537,Running on Empty (1988),0.0,1,4.333333333333333,3
4545,Short Circuit (1986),0.0,1,3.275,20
4546,"Vanishing, The (Spoorloos) (1988)",0.0,2,3.9166666666666665,6
4552,"Tetsuo, the Ironman (Tetsuo) (1988)",0.125,6,3.5,3
4558,Twins (1988),0.0,1,2.4642857142857144,14
4571,Bill & Ted's Excellent Adventure (1989),0.0,1,3.7,45
4600,Gross Anatomy (a.k.a. A Cut Above) (1989),0.0,1,3.25,2
4612,Jesus of Montreal (Jésus de Montréal) (1989),0.0,1,4.5,1
4621,Look Who's Talking (1989),0.0,1,2.388888888888889,18
4623,Major League (1989),0.0,1,3.575,20
4638,Jurassic Park III (2001),0.0,1,2.8472222222222223,36
4639,America's Sweethearts (2001),0.0,2,2.5833333333333335,18
4641,Ghost World (2001),0.0,1,3.5,34
4677,Turner & Hooch (1989),0.0,1,3.0384615384615383,13
4678,UHF (1989),0.0,1,3.4444444444444446,9
4688,Black Robe (1991),0.0,1,3.3333333333333335,3
4708,Marat/Sade (1966),0.0,1,4.5,2
4725,Session 9 (2001),-0.025,4,3.625,4
4787,Little Man Tate (1991),0.0,1,3.35,10
4801,"Little Foxes, The (1941)",0.0,1,4.0,2
4808,"Vanishing, The (1993)",0.0,1,2.375,4
4809,Silkwood (1983),0.0,2,4.166666666666667,3
4812,SpaceCamp (1986),0.0,2,2.1666666666666665,6
4816,Zoolander (2001),0.049999999999999996,6,3.509259259259259,54
4823,Serendipity (2001),0.0,1,3.14,25
4835,Coal Miner's Daughter (1980),0.0,1,3.5,3
4857,Fiddler on the Roof (1971),0.0,2,3.8125,8
4874,K-PAX (2001),0.0,2,3.484848484848485,33
4878,Donnie Darko (2001),-0.002298850574712643,29,3.981651376146789,109
4881,"Man Who Wasn't There, The (2001)",0.0,1,3.735294117647059,17
4896,Harry Potter and the Sorcerer's Stone (a.k.a. Harry Potter and the Philosopher's Stone) (2001),0.21428571428571427,7,3.7616822429906542,107
4902,"Devil's Backbone, The (Espinazo del diablo, El) (2001)",0.0,1,3.35,10
4920,"Now, Voyager (1942)",0.0,1,3.6666666666666665,3
4963,Ocean's Eleven (2001),0.0,1,3.8445378151260505,119
4969,And Then There Were None (1945),0.0,1,3.625,4
4970,"Blue Angel, The (Blaue Engel, Der) (1930)",0.0,2,4.0,1
4973,"Amelie (Fabuleux destin d'Amélie Poulain, Le) (2001)",-0.5,1,4.183333333333334,120
4979,"Royal Tenenbaums, The (2001)",0.13636363636363635,1,3.6838235294117645,68
4980,Bill & Ted's Bogus Journey (1991),0.0,1,3.075,20
4993,"Lord of the Rings: The Fellowship of the Ring, The (2001)",0.09428571428571429,7,4.106060606060606,198
4995,"Beautiful Mind, A (2001)",0.0,1,4.0,123
4998,"Defiant Ones, The (1958)",0.0,1,3.5,1
5008,Witness for the Prosecution (1957),0.0,2,4.388888888888889,9
5012,Yentl (1983),0.0,2,4.0,1
5015,Monster's Ball (2001),0.0,1,3.3055555555555554,18
5034,"Truly, Madly, Deeply (1991)",0.0,1,3.6666666666666665,3
5064,The Count of Monte Cristo (2002),0.0,3,3.828125,32
5088,"Going Places (Valseuses, Les) (1974)",0.0,1,5.0,1
5114,"Bad and the Beautiful, The (1952)",0.0,1,4.0,1
5120,Sleuth (1972),0.0,1,4.166666666666667,3
5135,Monsoon Wedding (2001),0.0,1,3.8333333333333335,12
5139,"Bad News Bears, The (1976)",0.0,1,3.2777777777777777,9
5213,"Oh, God! Book II (1980)",0.0,1,1.5,1
5224,Promises (2001),0.0,1,4.25,2
5238,Return of the Secaucus 7 (1980),0.0,1,3.5,2
5254,Blade II (2002),0.4,2,3.2058823529411766,34
5266,Panic Room (2002),0.0,1,3.0,37
5291,Rashomon (Rashômon) (1950),-0.020833333333333332,4,3.9444444444444446,18
5294,Frailty (2001),0.0,1,3.8636363636363638,11
5304,"Rome, Open City (a.k.a. Open City) (Roma, città aperta) (1945)",0.0,1,4.0,2
5316,Enigma (2001),0.0,1,3.142857142857143,7
5349,Spider-Man (2002),0.0,1,3.540983606557377,122
5353,Butterflies Are Free (1972),-0.5,1,3.0,1
5377,About a Boy (2002),0.0,1,3.715909090909091,44
5379,"Believer, The (2001)",0.0,2,4.25,6
5388,Insomnia (2002),0.0,7,3.303030303030303,33
5398,Requiem for a Heavyweight (1962),0.0,1,4.0,2
5404,84 Charing Cross Road (1987),0.0,1,4.5,3
5445,Minority Report (2002),0.0,1,3.6375,120
5446,Rabbit-Proof Fence (2002),0.0,1,3.642857142857143,7
5450,Lovely & Amazing (2001),0.0,2,3.2,5
5451,Pumpkin (2002),-0.05,2,3.0,5
5459,Men in Black II (a.k.a. MIIB) (a.k.a. MIB 2) (2002),0.125,3,2.959016393442623,61
5464,Road to Perdition (2002),0.0,2,3.520408163265306,49
5470,The Importance of Being Earnest (1952),0.0,1,4.333333333333333,3
5475,Z (1969),0.0,1,3.8333333333333335,3
5483,"Kid Stays in the Picture, The (2002)",0.0,1,3.8333333333333335,3
5498,Red Beard (Akahige) (1965),0.0,1,4.5,1
5502,Signs (2002),0.0,1,3.1666666666666665,63
5505,"Good Girl, The (2002)",0.0,2,3.2083333333333335,12
5527,Possession (2002),0.0,2,3.5,4
5528,One Hour Photo (2002),0.0,2,3.473684210526316,19
5548,Down and Out in Beverly Hills (1986),0.0,1,3.0,5
5577,Igby Goes Down (2002),0.0,1,3.6666666666666665,12
5601,"Yearling, The (1946)",0.0,1,4.0,1
5603,"Lavender Hill Mob, The (1951)",0.0,2,4.5,2
5618,Spirited Away (Sen to Chihiro no kamikakushi) (2001),0.0,1,4.155172413793103,87
5629,Jonah: A VeggieTales Movie (2002),0.0,1,2.0,1
5630,Red Dragon (2002),0.0,1,3.435483870967742,31
5633,Heaven (2002),0.0,1,3.75,2
5644,"Pride of the Yankees, The (1942)",0.0,2,3.5,3
5669,Bowling for Columbine (2002),0.0,1,3.7758620689655173,58
5673,Punch-Drunk Love (2002),-0.11602564102564103,13,3.621212121212121,33
5682,"Grey Zone, The (2001)",0.0,1,3.25,2
5685,Real Women Have Curves (2002),0.0,1,4.25,2
5690,Grave of the Fireflies (Hotaru no haka) (1988),-0.1,9,4.15625,16
5694,Staying Alive (1983),0.0,1,2.25,2
5747,Gallipoli (1981),0.0,1,4.285714285714286,7
5791,Frida (2002),0.0,1,3.78125,16
5792,Roger Dodger (2002),0.0,1,3.6666666666666665,6
5802,"World of Henry Orient, The (1964)",0.0,1,4.0,1
5812,Far from Heaven (2002),0.0,1,3.8636363636363638,11
5816,Harry Potter and the Chamber of Secrets (2002),0.25,2,3.5980392156862746,102
5820,Standing in the Shadows of Motown (2002),0.0,1,3.5,3
5875,Personal Velocity (2002),0.0,1,2.5,1
5876,"Quiet American, The (2002)",0.0,1,3.9,5
5878,Talk to Her (Hable con Ella) (2002),-0.1,1,4.035714285714286,14
5899,Zulu (1964),0.0,1,4.0,4
5952,"Lord of the Rings: The Two Towers, The (2002)",0.0,2,4.0212765957446805,188
5954,25th Hour (2002),0.0,2,3.840909090909091,22
5971,My Neighbor Totoro (Tonari no Totoro) (1988),0.0,1,3.9594594594594597,37
5989,Catch Me If You Can (2002),0.12678571428571428,8,3.9217391304347826,115
5991,Chicago (2002),0.0,3,3.7244897959183674,49
5994,Nicholas Nickleby (2002),0.0,1,4.0,2
5995,"Pianist, The (2002)",0.11666666666666665,3,4.108695652173913,46
6002,Love Liza (2002),0.0,3,3.3333333333333335,3
6003,Confessions of a Dangerous Mind (2002),0.0,1,3.6,15
6016,City of God (Cidade de Deus) (2002),0.05833333333333333,6,4.1466666666666665,75
6020,Alice Adams (1935),0.0,1,3.5,1
6027,Dogfight (1991),0.0,1,4.166666666666667,3
6031,Imitation of Life (1959),0.0,2,3.5,2
6041,Amen. (2002),0.0,1,3.8333333333333335,3
6058,Final Destination 2 (2003),-0.4,2,3.05,10
6063,May (2002),0.0,1,3.3333333333333335,3
6090,Kiss Me Goodbye (1982),0.0,1,3.5,1
6101,Missing (1982),0.0,3,4.0,1
6104,Monty Python Live at the Hollywood Bowl (1982),-0.1,1,4.166666666666667,9
6107,"Night of the Shooting Stars (Notte di San Lorenzo, La) (1982)",0.0,1,4.0,1
6156,Shanghai Knights (2003),0.0,1,3.210526315789474,19
6157,Daredevil (2003),-0.3499999999999999,2,2.5,32
6159,All the Real Girls (2003),0.0,1,4.25,2
6163,He Loves Me... He Loves Me Not (À la folie... pas du tout) (2002),0.0,1,4.5,1
6170,"Black Stallion, The (1979)",0.0,1,3.5,3
6178,"Patch of Blue, A (1965)",-0.16666666666666666,3,4.0,1
6181,"Red Badge of Courage, The (1951)",0.0,2,4.0,1
6183,Pillow Talk (1959),0.0,2,3.8333333333333335,3
6188,Old School (2003),0.0,2,3.5128205128205128,39
6195,Stone Reader (2002),0.0,2,4.0,2
6197,Spider (2002),-0.1,1,3.3333333333333335,3
6201,Lady Jane (1986),0.0,1,5.0,1
6214,Irreversible (Irréversible) (2002),-0.325,2,3.888888888888889,9
6216,Nowhere in Africa (Nirgendwo in Afrika) (2001),0.0,1,3.75,2
6218,Bend It Like Beckham (2002),0.0,1,3.3,40
6228,"Talk of the Town, The (1942)",0.0,1,4.0,1
6232,Born Free (1966),0.0,2,4.0,1
6235,Europa Europa (Hitlerjunge Salomon) (1990),0.0,2,4.333333333333333,3
6238,Green Card (1990),0.0,1,2.8333333333333335,9
6242,Ringu (Ring) (1998),0.0,1,3.4545454545454546,11
6244,Salaam Bombay! (1988),0.0,1,3.5,2
6245,Sweet Charity (1969),0.0,1,3.5,1
6254,"Awful Truth, The (1937)",0.0,1,4.75,2
6268,Raising Victor Vargas (2002),0.0,1,3.75,2
6269,Stevie (2002),0.0,1,4.25,2
6273,In a Lonely Place (1950),0.0,1,3.5,1
6281,Phone Booth (2002),0.0,1,3.140625,32
6283,Cowboy Bebop: The Movie (Cowboy Bebop: Tengoku no Tobira) (2001),0.20000000000000004,3,3.9,20
6286,"Man Without a Past, The (Mies vailla menneisyyttä) (2002)",0.0,1,3.875,4
6288,Better Luck Tomorrow (2002),0.0,1,3.875,4
6289,Ghosts of the Abyss (2003),0.0,1,3.5,1
6290,House of 1000 Corpses (2003),0.0,1,2.7142857142857144,7
6291,Lilya 4-Ever (Lilja 4-ever) (2002),-0.275,4,3.5,3
6296,"Mighty Wind, A (2003)",0.0,1,3.75,14
6297,Holes (2003),0.0,1,3.425,20
6299,"Winged Migration (Peuple migrateur, Le) (2001)",0.0,1,3.5,9
6305,Fahrenheit 451 (1966),0.0,1,3.6,10
6308,Legal Eagles (1986),0.0,1,2.625,4
6323,Identity (2003),0.0,1,3.6818181818181817,22
6327,"Decade Under the Influence, A (2003)",0.0,2,3.5,3
6331,Spellbound (2002),0.0,1,3.923076923076923,13
6333,X2: X-Men United (2003),-0.01,5,3.723684210526316,76
6334,Blue Car (2002),0.0,1,3.5,3
6337,Owning Mahowny (2003),0.0,1,3.5,4
6339,"Man on the Train (Homme du train, L') (2002)",0.0,1,3.875,4
6341,"Shape of Things, The (2003)",0.0,1,3.25,4
6350,Laputa: Castle in the Sky (Tenkû no shiro Rapyuta) (1986),0.0,1,4.0625,24
6367,Down with Love (2003),0.0,3,2.9,10
6368,Cinemania (2002),0.0,1,4.0,4
6373,Bruce Almighty (2003),0.08333333333333333,2,3.316901408450704,71
6375,Gigantic (A Tale of Two Johns) (2002),0.0,2,4.0,4
6377,Finding Nemo (2003),0.0,3,3.9609929078014185,141
6378,"Italian Job, The (2003)",0.0,1,3.6186440677966103,59
6380,Capturing the Friedmans (2003),0.0,1,3.9285714285714284,7
6385,Whale Rider (2002),0.0,1,3.75,14
6390,Silk Stockings (1957),0.0,1,3.5,1
6400,Murder on a Sunday Morning (Un coupable idéal) (2001),0.0,2,3.5,1
6407,"Walk, Don't Run (1966)",0.0,2,2.0,1
6422,Shenandoah (1965),0.0,1,4.0,1
6440,Barton Fink (1991),0.0,1,4.035714285714286,14
6452,"Long, Hot Summer, The (1958)",0.0,1,4.0,1
6454,Music Box (1989),0.0,1,3.5,1
6466,Mississippi Masala (1991),0.0,1,3.5,3
6502,28 Days Later (2002),0.0,2,3.9741379310344827,58
6515,You Only Live Once (1937),0.0,1,4.5,1
6516,Anastasia (1956),0.0,1,3.5,1
6534,Hulk (2003),-0.15625,4,2.5606060606060606,33
6535,"Legally Blonde 2: Red, White & Blonde (2003)",0.0,1,2.409090909090909,11
6536,Sinbad: Legend of the Seven Seas (2003),0.0,1,3.6666666666666665,6
6539,Pirates of the Caribbean: The Curse of the Black Pearl (2003),0.0,1,3.778523489932886,149
6541,"League of Extraordinary Gentlemen, The (a.k.a. LXG) (2003)",0.041666666666666664,6,2.625,32
6545,I Capture the Castle (2003),0.0,1,4.5,1
6547,Northfork (2003),0.0,1,2.25,2
6552,Dirty Pretty Things (2002),0.0,1,3.625,12
6564,Lara Croft Tomb Raider: The Cradle of Life (2003),-0.05952380952380953,3,2.6470588235294117,17
6565,Seabiscuit (2003),0.0,1,3.6944444444444446,18
6579,"One, Two, Three (1961)",0.0,1,4.0,2
6591,"Magdalene Sisters, The (2002)",0.0,1,4.333333333333333,6
6592,"Secret Lives of Dentists, The (2002)",0.0,1,4.0,1
6603,"Double Life, A (1947)",0.0,1,2.5,1
6609,"Gospel According to St. Matthew, The (Vangelo secondo Matteo, Il) (1964)",0.0,1,3.5,1
6620,American Splendor (2003),0.0,1,3.8333333333333335,18
6636,"Sure Thing, The (1985)",0.0,1,3.75,4
6639,Wait Until Dark (1967),0.0,1,3.4285714285714284,7
6650,Kind Hearts and Coronets (1949),0.0,3,3.3333333333333335,3
6660,"Red Shoes, The (1948)",0.0,1,3.5,1
6662,"Pink Panther, The (1963)",0.0,1,3.4545454545454546,11
6667,Waco: The Rules of Engagement (1997),0.0,1,3.5,1
6669,Ikiru (1952),0.0,5,3.4166666666666665,6
6708,Matchstick Men (2003),0.0,2,3.7205882352941178,34
6710,Dummy (2002),0.0,1,3.625,4
6711,Lost in Translation (2003),0.0,2,4.033783783783784,74
6713,Millennium Actress (Sennen joyû) (2001),0.0,1,3.8,5
6724,Paper Moon (1973),0.0,1,3.6,5
6732,"Hello, Dolly! (1969)",0.0,1,3.75,2
6744,Once Bitten (1985),0.0,1,2.25,4
6753,Secondhand Lions (2003),0.0,1,3.5,12
6768,Luther (2003),0.0,1,4.0,1
6770,My Life Without Me (2003),0.0,2,3.5,2
6773,"Triplets of Belleville, The (Les triplettes de Belleville) (2003)",0.0,1,3.7045454545454546,22
6776,Lagaan: Once Upon a Time in India (2001),0.0,1,4.166666666666667,3
6785,Seven Brides for Seven Brothers (1954),0.0,1,3.75,4
6786,Kiss of the Spider Woman (1985),0.0,1,3.875,4
6787,All the President's Men (1976),0.0,3,4.018518518518518,27
6788,Angie (1994),0.0,1,2.0,1
6791,Babette's Feast (Babettes gæstebud) (1987),0.0,1,4.4,5
6807,Monty Python's The Meaning of Life (1983),0.0,1,3.95,40
6810,Sleeping with the Enemy (1991),0.0,1,2.5,5
6818,Come and See (Idi i smotri) (1985),-0.33999999999999997,5,5.0,2
6820,Ginger Snaps (2000),0.0,1,4.0,6
6832,Regarding Henry (1991),0.0,1,3.6,5
6852,In Cold Blood (1967),-0.016666666666666666,5,3.625,4
6856,Yankee Doodle Dandy (1942),0.0,1,4.0,2
6863,School of Rock (2003),0.0,1,3.4015151515151514,66
6867,"Station Agent, The (2003)",0.0,1,3.5833333333333335,12
6870,Mystic River (2003),0.0,2,3.7115384615384617,52
6874,Kill Bill: Vol. 1 (2003),0.0,2,3.9618320610687023,131
6881,Pieces of April (2003),0.0,1,3.0714285714285716,7
6890,Elephant (2003),0.0,2,3.5555555555555554,9
6909,"Eye, The (Gin gwai) (Jian gui) (2002)",0.0,1,3.25,2
6912,You'll Never Get Rich (1941),0.0,1,3.5,1
6918,"Unvanquished, The (Aparajito) (1957)",0.0,1,3.75,2
6932,Shattered Glass (2003),0.0,1,3.5,7
6936,Elf (2003),0.0,1,3.6923076923076925,39
6938,Billabong Odyssey (2003),0.0,2,4.0,1
6944,Father of the Bride (1991),0.0,2,3.5,13
6948,Tupac: Resurrection (2003),0.0,2,4.0,1
6953,21 Grams (2003),-0.6,1,3.3,25
6963,Devil's Playground (2002),0.0,1,4.25,2
6970,Desk Set (1957),0.0,1,3.75,2
6979,WarGames (1983),-0.6,1,3.3095238095238093,21
6981,"Ordet (Word, The) (1955)",0.0,1,3.75,2
6984,"Tale of Two Cities, A (1935)",0.0,1,4.0,1
6985,"Passion of Joan of Arc, The (Passion de Jeanne d'Arc, La) (1928)",0.0,1,3.9,5
6993,Hannah and Her Sisters (1986),0.0,1,3.769230769230769,13
7013,"Night of the Hunter, The (1955)",-0.15000000000000002,1,4.0,7
7018,Presumed Innocent (1990),0.0,2,3.9,5
7022,Battle Royale (Batoru rowaiaru) (2000),-0.10916666666666666,10,3.933333333333333,30
7023,"Wedding Banquet, The (Xi yan) (1993)",0.0,1,4.5,1
7024,"Salo, or The 120 Days of Sodom (Salò o le 120 giornate di Sodoma) (1976)",-0.37142857142857144,7,3.6666666666666665,3
7025,"Midnight Clear, A (1992)",0.0,1,3.75,2
7049,Flying Down to Rio (1933),0.0,1,3.0,1
7050,Follow the Fleet (1936),0.0,1,3.75,2
7053,Roberta (1935),0.0,1,4.0,1
7055,Swing Time (1936),0.0,1,4.0,1
7059,National Velvet (1944),0.0,1,3.75,2
7061,Dark Victory (1939),0.0,1,4.0,1
7062,Birdman of Alcatraz (1962),0.0,2,4.0,1
7069,"Macbeth (a.k.a. Tragedy of Macbeth, The) (1971)",0.0,2,3.5,4
7070,Red River (1948),0.0,1,4.0,1
7071,"Woman Under the Influence, A (1974)",0.0,1,5.0,1
7073,"Shot in the Dark, A (1964)",0.0,1,2.5,1
7078,Jezebel (1938),0.5,2,3.8333333333333335,3
7079,"Hunchback of Notre Dame, The (1939)",0.0,1,3.5,2
7086,Pygmalion (1938),0.0,1,3.5,1
7087,"Passage to India, A (1984)",0.0,1,4.0,2
7088,Black Orpheus (Orfeu Negro) (1959),0.0,1,4.0,1
7090,Hero (Ying xiong) (2002),0.0,1,3.9210526315789473,38
7091,Horse Feathers (1932),0.0,1,4.0,2
7121,Adam's Rib (1949),0.0,1,4.75,4
7132,"Night at the Opera, A (1935)",0.0,2,4.111111111111111,9
7139,In America (2002),0.0,1,3.857142857142857,7
7141,My Flesh and Blood (2003),0.0,1,4.0,1
7147,Big Fish (2003),0.0,4,3.8333333333333335,69
7153,"Lord of the Rings: The Return of the King, The (2003)",0.08,10,4.118918918918919,185
7156,"Fog of War: Eleven Lessons from the Life of Robert S. McNamara, The (2003)",0.0,1,4.3076923076923075,13
7158,House of Sand and Fog (2003),0.2,1,3.7777777777777777,9
7160,Monster (2003),0.0,1,3.5294117647058822,17
7162,Cold Mountain (2003),0.0,1,3.2916666666666665,12
7190,Jane Eyre (1970),0.0,1,3.5,1
7212,I Was a Male War Bride (1949),-0.05,2,4.25,2
7217,Dark Passage (1947),0.0,1,4.0,1
7218,"Ox-Bow Incident, The (1943)",0.0,1,4.5,1
7219,They Drive by Night (1940),0.0,1,4.0,1
7234,"Strada, La (1954)",0.0,1,4.25,6
7254,The Butterfly Effect (2004),0.0,4,3.630434782608696,46
7256,Touching the Void (2003),0.0,1,4.0,8
7285,Thirteen (2003),0.0,1,3.611111111111111,9
7301,Diary of a Country Priest (Journal d'un curé de campagne) (1951),0.0,2,3.5,3
7318,"Passion of the Christ, The (2004)",0.0,1,2.6153846153846154,13
7323,"Good bye, Lenin! (2003)",-0.6,1,3.8043478260869565,23
7361,Eternal Sunshine of the Spotless Mind (2004),0.10245098039215686,34,4.1603053435114505,131
7371,Dogville (2003),0.0,1,4.025,20
7382,I'm Not Scared (Io non ho paura) (2003),0.0,3,4.25,2
7438,Kill Bill: Vol. 2 (2004),0.0,1,3.868181818181818,110
7439,"Punisher, The (2004)",0.25,1,3.5,14
7440,Paper Clips (2004),0.0,1,3.25,2
7444,13 Going on 30 (2004),0.0,1,3.1904761904761907,21
7451,Mean Girls (2004),0.12166666666666667,4,3.7564102564102564,39
7479,Watch on the Rhine (1943),0.0,1,4.0,1
7493,"Three Faces of Eve, The (1957)",0.0,1,4.0,2
7572,Wit (2001),0.0,1,4.5,1
7584,Woman of the Year (1942),0.0,2,4.0,2
7614,Oklahoma! (1955),0.0,1,4.5,2
7618,Chaplin (1992),0.0,2,3.5,2
7619,"Miracle Worker, The (1962)",0.0,2,3.6666666666666665,3
7646,Rose Red (2002),0.0,1,3.0,2
7649,Babylon 5: In the Beginning (1998),0.0,1,2.8,5
7700,"Wages of Fear, The (Salaire de la peur, Le) (1953)",0.0,1,3.3,5
7705,Pat and Mike (1952),0.0,2,4.0,2
7713,Cat People (1942),0.0,1,4.0,1
7714,Camelot (1967),0.0,1,4.0,1
7728,"Postman Always Rings Twice, The (1946)",0.0,1,3.6666666666666665,3
7748,Pierrot le fou (1965),0.0,1,3.875,4
7766,Throne of Blood (Kumonosu jô) (1957),0.0,1,4.0,4
7789,"11'09""01 - September 11 (2002)",0.0,1,4.0,2
7831,Another Thin Man (1939),0.0,1,3.5,1
7832,"Thin Man Goes Home, The (1945)",0.0,1,3.5,1
7833,Shadow of the Thin Man (1941),0.0,1,3.5,1
7834,After the Thin Man (1936),0.0,1,2.8333333333333335,3
7835,Song of the Thin Man (1947),0.0,1,3.5,1
7924,Stray Dog (Nora inu) (1949),0.0,1,3.5,1
7926,High and Low (Tengoku to jigoku) (1963),0.0,1,4.0,1
7932,Dark Days (2000),0.022727272727272724,6,3.6666666666666665,3
7934,Zelig (1983),0.0,1,4.0,7
7936,Shame (Skammen) (1968),0.0,1,4.0,1
7981,Infernal Affairs (Mou gaan dou) (2002),0.0,1,4.333333333333333,9
7983,Broadway Danny Rose (1984),0.0,1,4.2,5
8011,"Weather Underground, The (2002)",0.0,1,4.0,4
8014,"Spring, Summer, Fall, Winter... and Spring (Bom yeoreum gaeul gyeoul geurigo bom) (2003)",0.0,1,4.25,10
8019,Dark Water (Honogurai mizu no soko kara) (2002),0.0,1,4.0,1
8033,How to Steal a Million (1966),0.0,1,3.6666666666666665,3
8094,Bad Day at Black Rock (1955),0.0,1,3.5,1
8153,Lust for Life (1956),0.0,1,2.5,1
8167,Captain Blood (1935),0.0,1,4.0,2
8183,Educating Rita (1983),0.0,1,3.1666666666666665,3
8188,Sansho the Bailiff (Sanshô dayû) (1954),0.4,1,3.5,1
8190,"Americanization of Emily, The (1964)",0.0,1,4.0,1
8191,Anne of the Thousand Days (1969),0.0,1,4.0,1
8197,Hiroshima Mon Amour (1959),0.0,1,4.0,1
8207,"Day of the Jackal, The (1973)",0.0,1,4.083333333333333,6
8228,"Maltese Falcon, The (a.k.a. Dangerous Female) (1931)",0.0,1,3.6176470588235294,17
8235,Safety Last! (1923),0.0,1,4.0,2
8266,Purple Rain (1984),0.0,1,2.7,5
8275,College (1927),0.0,1,3.5,1
8335,Make Way for Tomorrow (1937),0.0,1,3.5,1
8337,"Caine Mutiny, The (1954)",-0.1,1,4.0,2
8338,Black Narcissus (1947),0.0,2,4.0,1
8341,Oliver Twist (1948),0.0,1,3.8333333333333335,3
8360,Shrek 2 (2004),0.0,1,3.5760869565217392,92
8366,Saved! (2004),0.0,2,3.892857142857143,14
8368,Harry Potter and the Prisoner of Azkaban (2004),0.25,2,3.913978494623656,93
8375,"Hunting of the President, The (2004)",0.0,1,2.5,1
8376,Napoleon Dynamite (2004),0.16,1,3.324324324324324,37
8379,"Dresser, The (1983)",0.0,1,3.0,1
8382,Hello Again (1987),0.0,1,2.5,1
8424,"Divorcee, The (1930)",0.0,1,4.0,1
8446,Sands of Iwo Jima (1949),0.0,1,2.5,1
8463,Johnny Belinda (1948),0.0,1,4.0,1
8464,Super Size Me (2004),0.0,2,3.51,50
8477,"Jetée, La (1962)",0.0,1,4.5,2
8507,Freaks (1932),0.0,1,3.1666666666666665,9
8530,Dear Frankie (2004),0.0,1,3.75,2
8533,"Notebook, The (2004)",-0.16666666666666666,3,3.5657894736842106,38
8580,Into the Woods (1991),0.0,2,5.0,1
8607,Tokyo Godfathers (2003),0.0,1,3.9,5
8609,Our Hospitality (1923),0.0,1,3.25,2
8622,Fahrenheit 9/11 (2004),0.0,2,3.4864864864864864,37
8636,Spider-Man 2 (2004),0.0,1,3.8037974683544302,79
8638,Before Sunset (2004),0.0,1,3.7,15
8641,Anchorman: The Legend of Ron Burgundy (2004),0.1,7,3.7719298245614037,57
8645,"Maria Full of Grace (Maria, Llena eres de gracia) (2004)",0.0,2,3.9375,8
8695,"Bachelor and the Bobby-Soxer, The (1947)",0.0,1,3.0,3
8714,Night and Day (1946),0.0,1,2.5,1
8754,"Prime of Miss Jean Brodie, The (1969)",1.0,1,4.0,1
8783,"Village, The (2004)",0.2333333333333333,3,3.1923076923076925,26
8784,Garden State (2004),0.0,1,3.7083333333333335,48
8796,"Funny Thing Happened on the Way to the Forum, A (1966)",0.0,1,3.1,5
8809,Danny Deckchair (2003),0.0,1,3.25,2
8827,"Bill Cosby, Himself (1983)",0.0,1,4.0,5
8838,Alice Doesn't Live Here Anymore (1974),0.0,1,4.166666666666667,3
8874,Shaun of the Dead (2004),0.0,1,4.0064935064935066,77
8875,"Come Back, Little Sheba (1952)",0.0,2,4.0,1
8879,Murder on the Orient Express (1974),0.20833333333333334,3,3.25,6
8880,Mask (1985),0.0,1,3.4285714285714284,7
8914,Primer (2004),0.0,1,3.7941176470588234,17
8920,"Country Girl, The (1954)",1.0,1,3.5,1
8938,Tarnation (2003),0.0,2,4.0,1
8943,Being Julia (2004),0.0,1,1.75,2
8949,Sideways (2004),0.0,1,3.7435897435897436,39
8950,The Machinist (2004),-0.028571428571428574,7,3.986842105263158,38
8951,Vera Drake (2004),0.0,1,3.0,4
8957,Saw (2004),-0.058333333333333334,7,3.1818181818181817,33
8958,Ray (2004),0.0,1,3.6842105263157894,19
8961,"Incredibles, The (2004)",0.0,4,3.836,125
8970,Finding Neverland (2004),0.0,1,3.609375,32
8979,Guerrilla: The Taking of Patty Hearst (2004),0.0,1,4.0,1
8983,House of Flying Daggers (Shi mian mai fu) (2004),0.0,1,3.52,25
8998,That's Entertainment (1974),0.0,1,4.0,1
9010,Love Me If You Dare (Jeux d'enfants) (2003),-1.0,1,4.1,5
9018,Control Room (2004),0.0,1,4.333333333333333,3
25753,Greed (1924),0.0,1,4.0,1
25771,"Andalusian Dog, An (Chien andalou, Un) (1929)",0.08333333333333333,3,4.5,4
25825,Fury (1936),0.0,1,3.375,4
25841,Stage Door (1937),0.0,1,4.166666666666667,3
25865,"Letter, The (1940)",0.0,1,4.0,1
25886,Random Harvest (1942),0.0,1,4.0,2
25940,"Lady from Shanghai, The (1947)",0.0,1,3.5,1
25952,"Letter to Three Wives, A (1949)",0.0,1,4.0,1
26131,"Battle of Algiers, The (La battaglia di Algeri) (1966)",0.0,1,4.3,5
26151,Au Hasard Balthazar (1966),0.0,1,3.5,2
26242,Duel (1971),0.0,1,3.2,5
26662,Kiki's Delivery Service (Majo no takkyûbin) (1989),0.0,1,4.0588235294117645,17
26717,Begotten (1990),-0.3333333333333333,3,0.5,1
26776,Porco Rosso (Crimson Pig) (Kurenai no buta) (1992),0.0,1,3.892857142857143,14
27020,Gia (1998),0.0,2,3.4,5
27156,"Neon Genesis Evangelion: The End of Evangelion (Shin seiki Evangelion Gekijô-ban: Air/Magokoro wo, kimi ni) (1997)",0.02,5,4.3,5
27660,"Animatrix, The (2003)",-0.024999999999999998,6,3.7,20
27706,Lemony Snicket's A Series of Unfortunate Events (2004),-0.03,5,3.16,25
27731,"Cat Returns, The (Neko no ongaeshi) (2002)",0.0,1,3.75,8
27741,"Twilight Samurai, The (Tasogare Seibei) (2002)",0.0,1,3.8333333333333335,6
27773,Old Boy (2003),-0.2125,8,4.089743589743589,39
27790,Millions (2004),0.0,2,3.5,4
27808,Spanglish (2004),0.11666666666666665,3,3.3636363636363638,11
27820,"Story of the Weeping Camel, The (Geschichte vom weinenden Kamel, Die) (2003)",0.0,2,4.0,2
27831,Layer Cake (2004),0.17142857142857143,7,3.8157894736842106,19
27834,"Return, The (Vozvrashcheniye) (2003)",0.0,1,4.333333333333333,3
27838,Mean Creek (2004),0.0,1,3.75,2
27878,Born into Brothels (2004),0.0,1,3.875,4
27882,Riding Giants (2004),0.0,1,4.0,4
30707,Million Dollar Baby (2004),0.0,1,3.8461538461538463,52
30749,Hotel Rwanda (2004),0.0,1,3.7916666666666665,48
30793,Charlie and the Chocolate Factory (2005),0.0,1,3.0,61
30810,"Life Aquatic with Steve Zissou, The (2004)",-0.08333333333333333,6,3.4864864864864864,37
30812,"Aviator, The (2004)",0.0,3,3.5285714285714285,35
30820,"Woodsman, The (2004)",0.0,1,3.8333333333333335,3
30822,In Good Company (2004),0.0,1,3.4545454545454546,11
30825,Meet the Fockers (2004),0.0,2,3.106060606060606,33
30850,"Merchant of Venice, The (2004)",0.0,1,3.75,4
31030,I Remember Mama (1948),0.0,1,4.0,1
31437,Nobody Knows (Dare mo shiranai) (2004),0.0,1,4.25,2
31658,Howl's Moving Castle (Hauru no ugoku shiro) (2004),0.16666666666666666,6,4.075,40
31903,Zelary (2003),0.0,1,4.0,1
31923,"Three Musketeers, The (1973)",0.0,1,4.0,3
32582,"Wild Parrots of Telegraph Hill, The (2003)",0.0,2,4.75,2
32584,"Ballad of Jack and Rose, The (2005)",0.0,1,3.125,4
32587,Sin City (2005),0.0,1,3.857142857142857,84
33154,Enron: The Smartest Guys in the Room (2005),0.0,3,4.0,6
33162,Kingdom of Heaven (2005),-0.05,4,3.5,17
33166,Crash (2004),0.0,1,3.89,50
33493,Star Wars: Episode III - Revenge of the Sith (2005),0.0,2,3.4294871794871793,78
33660,Cinderella Man (2005),0.0,2,4.088235294117647,17
34150,Fantastic Four (2005),0.05357142857142857,6,2.763888888888889,36
34162,Wedding Crashers (2005),0.0,1,3.5086206896551726,58
34271,Hustle & Flow (2005),0.0,1,3.75,4
34323,"Devil's Rejects, The (2005)",0.0,1,3.7142857142857144,7
34359,Georgy Girl (1966),0.0,1,4.0,1
34405,Serenity (2005),-0.1,2,3.94,50
34437,Broken Flowers (2005),0.0,1,3.4761904761904763,21
34528,Junebug (2005),0.0,1,3.6666666666666665,3
34542,Grizzly Man (2005),0.0,2,3.7,5
35015,Duma (2005),0.0,2,3.5,1
35836,"40-Year-Old Virgin, The (2005)",0.41666666666666663,4,3.5472972972972974,74
36517,"Constant Gardener, The (2005)",0.0,3,3.4615384615384617,13
36527,Proof (2005),0.0,1,3.5714285714285716,7
36529,Lord of War (2005),0.0,1,3.7142857142857144,35
36535,Everything Is Illuminated (2005),0.0,1,3.7777777777777777,9
37240,Why We Fight (2005),0.0,1,3.5,4
37384,Waiting... (2005),0.0,1,3.269230769230769,13
37729,Corpse Bride (2005),0.21428571428571427,7,3.534090909090909,44
37733,"History of Violence, A (2005)",0.0,1,3.5,27
37736,Oliver Twist (2005),0.0,1,3.5,3
37741,Capote (2005),0.0,1,3.869565217391304,23
38038,Wallace & Gromit in The Curse of the Were-Rabbit (2005),0.5,2,3.6333333333333333,30
38061,Kiss Kiss Bang Bang (2005),0.17142857142857143,7,4.071428571428571,35
38798,In Her Shoes (2005),0.0,1,3.125,4
38886,"Squid and the Whale, The (2005)",0.0,1,3.4444444444444446,9
39234,North Country (2005),0.0,2,3.5,4
39292,"Good Night, and Good Luck. (2005)",0.0,4,3.775,20
40278,Jarhead (2005),0.1,2,3.676470588235294,17
40491,"Match Factory Girl, The (Tulitikkutehtaan tyttö) (1990)",0.0,1,5.0,1
40583,Syriana (2005),0.0,1,3.53125,16
40629,Pride & Prejudice (2005),0.0,1,3.5555555555555554,27
40815,Harry Potter and the Goblet of Fire (2005),0.25,2,3.816901408450704,71
40819,Walk the Line (2005),0.0,1,3.7564102564102564,39
40955,Breakfast on Pluto (2005),0.0,1,3.875,4
41566,"Chronicles of Narnia: The Lion, the Witch and the Wardrobe, The (2005)",0.0,1,3.443548387096774,62
41569,King Kong (2005),0.0,1,3.4,40
41997,Munich (2005),0.0,1,3.8095238095238093,21
42002,"Producers, The (2005)",0.0,1,3.388888888888889,9
42422,Voices of a Distant Star (Hoshi no koe) (2003),0.5,1,4.5,1
42632,Lady Vengeance (Sympathy for Lady Vengeance) (Chinjeolhan geumjassi) (2005),0.0,1,4.0,5
42740,Looking for Comedy in the Muslim World (2005),0.0,1,3.5,1
44665,Lucky Number Slevin (2006),0.0,1,3.8552631578947367,38
44889,Reefer Madness: The Movie Musical (2005),0.0,1,4.75,2
45447,"Da Vinci Code, The (2006)",0.0,7,3.122448979591837,49
45499,X-Men: The Last Stand (2006),0.0,2,3.355769230769231,52
45730,Lady in the Water (2006),-0.1714285714285714,7,2.8333333333333335,9
45880,Marie Antoinette (2006),0.0,2,3.1923076923076925,13
46723,Babel (2006),0.008333333333333333,4,3.5,31
46972,Night at the Museum (2006),0.0,2,3.239130434782609,23
46976,Stranger than Fiction (2006),0.075,6,3.6931818181818183,44
47610,"Illusionist, The (2006)",0.125,4,3.7790697674418605,43
48394,"Pan's Labyrinth (Laberinto del fauno, El) (2006)",0.16666666666666666,3,3.814814814814815,81
48516,"Departed, The (2006)",-0.005,10,4.252336448598131,107
48698,Deliver Us from Evil (2006),-0.25,1,4.5,2
48780,"Prestige, The (2006)",0.03333333333333333,3,4.0055555555555555,90
49130,"Good Year, A (2006)",0.0,1,3.6666666666666665,3
49530,Blood Diamond (2006),0.0,5,3.7641509433962264,53
50872,Ratatouille (2007),0.3333333333333333,4,3.8680555555555554,72
51255,Hot Fuzz (2007),0.0,1,4.0,61
52287,Meet the Robinsons (2007),0.0,1,3.5454545454545454,11
52604,Fracture (2007),0.0,3,3.6666666666666665,12
52712,"Invisible, The (2007)",0.0,2,2.3333333333333335,3
52885,Paprika (Papurika) (2006),0.0,1,3.7777777777777777,9
53127,Bug (2007),-0.08333333333333333,6,2.875,4
53464,Fantastic Four: Rise of the Silver Surfer (2007),-0.21428571428571422,7,2.575,20
53468,Fido (2006),0.0,1,3.2857142857142856,7
54286,"Bourne Ultimatum, The (2007)",0.0,4,3.697530864197531,81
54503,Superbad (2007),0.022857142857142857,7,3.8636363636363638,55
54997,3:10 to Yuma (2007),0.0,1,4.06,25
55167,Tekkonkinkreet (Tekkon kinkurîto) (2006),0.0,1,4.625,4
55290,Gone Baby Gone (2007),0.26666666666666666,3,3.45,20
55721,Elite Squad (Tropa de Elite) (2007),0.0,1,4.3,10
55765,American Gangster (2007),0.0,4,3.9054054054054053,37
56174,I Am Legend (2007),0.0,9,3.4838709677419355,62
56367,Juno (2007),0.2,5,3.769230769230769,65
56782,There Will Be Blood (2007),0.08125,8,4.142857142857143,28
57502,Cat Soup (Nekojiru-so) (2001),0.025,4,4.0,1
57669,In Bruges (2008),-0.03958333333333333,8,4.158536585365853,41
58047,"Definitely, Maybe (2008)",0.0,2,3.4285714285714284,14
58295,"Bank Job, The (2008)",-0.08333333333333333,3,3.6153846153846154,13
58301,Funny Games U.S. (2007),0.07000000000000002,5,4.375,4
58559,"Dark Knight, The (2008)",-0.0375,4,4.238255033557047,149
59103,"Forbidden Kingdom, The (2008)",0.0,2,3.8333333333333335,3
59141,Son of Rambow (2007),0.0,1,4.666666666666667,3
59501,"Chronicles of Narnia: Prince Caspian, The (2008)",0.0,4,3.5416666666666665,12
60069,WALL·E (2008),0.13333333333333333,4,4.0576923076923075,104
60074,Hancock (2008),-0.23333333333333328,3,3.0344827586206895,29
60126,Get Smart (2008),0.0,2,3.46875,16
60516,Meet Dave (2008),0.5,1,3.5,2
60756,Step Brothers (2008),0.11375,8,3.5535714285714284,28
60950,Vicky Cristina Barcelona (2008),0.0,1,3.09375,16
61024,Pineapple Express (2008),0.0,4,3.6774193548387095,31
61323,Burn After Reading (2008),-0.07272727272727274,11,3.4871794871794872,39
62336,FLCL (2000),0.1875,4,4.277777777777778,9
62434,Zack and Miri Make a Porno (2008),0.25,2,3.5238095238095237,21
63062,Changeling (2008),0.0,1,3.4375,8
63992,Twilight (2008),-0.2,5,2.409090909090909,22
64034,"Boy in the Striped Pajamas, The (Boy in the Striped Pyjamas, The) (2008)",-0.1,2,3.4166666666666665,6
66097,Coraline (2009),-0.09166666666666667,6,3.7,35
66934,Dr. Horrible's Sing-Along Blog (2008),0.0,4,3.9166666666666665,24
67087,"I Love You, Man (2009)",0.0,8,3.5294117647058822,17
67695,Observe and Report (2009),0.0,1,2.625,4
68157,Inglourious Basterds (2009),-0.03333333333333333,5,4.136363636363637,88
68237,Moon (2009),0.0,3,3.96875,32
68319,X-Men Origins: Wolverine (2009),0.050000000000000024,6,2.8653846153846154,26
68358,Star Trek (2009),0.037037037037037035,9,3.864406779661017,59
68791,Terminator Salvation (2009),-0.18446969696969692,12,3.25,18
68848,"Brothers Bloom, The (2008)",0.125,6,4.333333333333333,3
68945,Neon Genesis Evangelion: Death & Rebirth (Shin seiki Evangelion Gekijô-ban: Shito shinsei) (1997),0.0,1,4.0,2
68954,Up (2009),0.038461538461538464,13,4.004761904761905,105
69122,"Hangover, The (2009)",0.05,5,3.6315789473684212,76
69481,"Hurt Locker, The (2008)",0.0,1,4.0588235294117645,34
69526,Transformers: Revenge of the Fallen (2009),-0.21904761904761902,7,2.425,20
69757,(500) Days of Summer (2009),0.29791666666666666,8,3.6666666666666665,42
70286,District 9 (2009),0.8,1,3.776923076923077,65
71494,"Haunted World of El Superbeasto, The (2009)",0.0,1,3.5,1
71535,Zombieland (2009),0.016666666666666666,6,3.8773584905660377,53
71899,Mary and Max (2009),-0.005128205128205127,13,4.2,10
72224,Gentlemen Broncos (2009),-0.6999999999999998,1,2.25,2
72998,Avatar (2009),-0.005555555555555548,18,3.6030927835051547,97
74458,Shutter Island (2010),0.0,7,4.022388059701493,67
74791,"Town Called Panic, A (Panique au village) (2009)",-0.125,2,3.75,2
79132,Inception (2010),0.07371794871794872,26,4.066433566433567,143
79702,Scott Pilgrim vs. the World (2010),0.0,4,3.7045454545454546,44
80463,"Social Network, The (2010)",0.39999999999999997,3,3.8859649122807016,57
80489,"Town, The (2010)",0.125,4,3.9545454545454546,22
80834,Sintel (2010),0.0,3,3.5,1
80906,Inside Job (2010),0.0,6,4.291666666666667,12
81158,Restrepo (2010),0.0,1,3.1666666666666665,3
81562,127 Hours (2010),0.0,1,3.8333333333333335,18
81591,Black Swan (2010),-0.041666666666666664,6,3.630952380952381,42
82242,Rare Exports: A Christmas Tale (Rare Exports) (2010),0.0,1,4.25,2
82459,True Grit (2010),-0.04,5,3.75,28
82461,Tron: Legacy (2010),-0.06000000000000001,5,3.236842105263158,19
83134,Tucker & Dale vs Evil (2010),-0.16666666666666666,1,3.9166666666666665,18
87430,Green Lantern (2011),-0.027777777777777776,9,2.35,10
88094,Upside Down: The Creation Records Story (2010),0.0,3,3.0,1
88405,Friends with Benefits (2011),0.15959595959595962,9,3.05,20
89745,"Avengers, The (2012)",0.15714285714285717,7,3.869565217391304,69
89774,Warrior (2011),0.0,3,3.727272727272727,11
90439,Margin Call (2011),0.018518518518518517,9,3.7857142857142856,7
90769,Starsuckers (2009),0.0,3,4.0,1
91500,The Hunger Games (2012),0.0,1,3.435185185185185,54
91529,"Dark Knight Rises, The (2012)",0.13125,8,3.9934210526315788,76
92259,Intouchables (2011),0.0,2,4.108108108108108,37
94959,Moonrise Kingdom (2012),0.0,1,3.7758620689655173,29
95067,"Thousand Words, A (2012)",0.5,1,2.8333333333333335,3
95441,Ted (2012),-0.7,1,3.2857142857142856,21
95558,Beasts of the Southern Wild (2012),0.4083333333333334,3,3.357142857142857,7
96079,Skyfall (2012),0.5666666666666667,3,3.81,50
96084,Hands Over the City (Le mani sulla città) (1963),0.031746031746031744,3,4.5,1
96861,Taken 2 (2012),-0.12000000000000002,5,3.2857142857142856,7
97304,Argo (2012),0.08333333333333333,3,3.982142857142857,28
97938,Life of Pi (2012),0.08333333333333333,3,3.629032258064516,31
98809,"Hobbit: An Unexpected Journey, The (2012)",0.05,2,3.8125,40
98961,Zero Dark Thirty (2012),-0.030000000000000006,5,4.107142857142857,14
99114,Django Unchained (2012),0.15416666666666667,12,3.943661971830986,71
99764,It's Such a Beautiful Day (2012),-0.0625,4,4.25,2
99917,Upstream Color (2013),0.1972222222222222,6,3.1666666666666665,3
100083,Movie 43 (2013),0.0,5,3.5,3
101142,"Croods, The (2013)",0.08333333333333333,3,3.7777777777777777,9
102007,"Invincible Iron Man, The (2007)",0.0,1,3.0,1
102903,Now You See Me (2013),-0.25,4,3.409090909090909,22
103042,Man of Steel (2013),0.0,2,3.2954545454545454,22
104218,Grown Ups 2 (2013),0.0,1,3.4,5
104841,Gravity (2013),0.024999999999999994,6,3.578125,32
104863,What If (2013),0.0,2,2.6666666666666665,3
104875,"History of Future Folk, The (2012)",0.0,1,4.0,2
104879,Prisoners (2013),0.025,8,4.15625,16
104944,Short Term 12 (2013),0.08,5,3.75,2
105504,Captain Phillips (2013),-0.06666666666666667,5,4.0476190476190474,21
106100,Dallas Buyers Club (2013),0.011111111111111112,3,3.9705882352941178,17
106489,"Hobbit: The Desolation of Smaug, The (2013)",-0.0125,4,3.58,25
106766,Inside Llewyn Davis (2013),-0.0875,4,3.642857142857143,7
106782,"Wolf of Wall Street, The (2013)",0.0,5,3.9166666666666665,54
107348,Anchorman 2: The Legend Continues (2013),-0.06874999999999999,4,3.3636363636363638,11
107406,Snowpiercer (2013),0.0,1,3.4285714285714284,21
108190,Divergent (2014),-0.17670454545454542,8,3.0,18
108932,The Lego Movie (2014),0.19523809523809524,7,3.870967741935484,31
109487,Interstellar (2014),-0.036666666666666646,10,3.993150684931507,73
111364,Godzilla (2014),0.0,1,2.6153846153846154,13
111743,A Million Ways to Die in the West (2014),0.125,4,2.9583333333333335,12
112421,Frank (2014),0.03888888888888889,6,4.333333333333333,3
112515,"Babadook, The (2014)",-0.0375,4,4.5,3
112552,Whiplash (2014),0.0962962962962963,9,4.0394736842105265,38
112556,Gone Girl (2014),-0.8,2,3.7162162162162162,37
112852,Guardians of the Galaxy (2014),0.2625,4,4.0508474576271185,59
113705,"Two Days, One Night (Deux jours, une nuit) (2014)",0.0,1,3.5,1
114180,"Maze Runner, The (2014)",-0.040625,8,2.9375,16
114627,Angel's Egg (Tenshi no tamago) (1985),-0.125,4,3.25,2
115149,John Wick (2014),0.005555555555555551,9,3.8448275862068964,29
115617,Big Hero 6 (2014),0.09166666666666667,6,3.8536585365853657,41
116797,The Imitation Game (2014),0.65,2,4.02,50
116897,Wild Tales (2014),-0.04444444444444443,6,4.25,10
117877,The Rabbi's Cat (Le chat du rabbin) (2011),0.0,2,3.0,1
117887,Paddington (2014),0.0,1,4.0,4
118696,The Hobbit: The Battle of the Five Armies (2014),0.0,1,3.4166666666666665,18
118784,Good Copy Bad Copy (2007),0.0,3,3.5,1
118985,Big Eyes (2014),0.0,1,3.75,2
119141,The Interview (2014),-0.09166666666666667,6,3.4583333333333335,12
119145,Kingsman: The Secret Service (2015),-0.25,1,3.986111111111111,36
120635,Taken 3 (2015),0.03333333333333333,3,2.7,5
122882,Mad Max: Fury Road (2015),0.45,3,3.8191489361702127,47
122912,Avengers: Infinity War - Part I (2018),0.12333333333333334,15,4.0,13
122916,Thor: Ragnarok (2017),0.2,5,4.025,20
122918,Guardians of the Galaxy 2 (2017),0.3,1,3.925925925925926,27
122922,Doctor Strange (2016),0.5,1,3.7045454545454546,22
126548,The DUFF (2015),0.20500000000000002,2,3.25,6
127172,A Story of Children and Film (2013),0.125,3,3.5,1
127298,A Pigeon Sat on a Branch Reflecting on Existence (2014),-0.3,2,4.0,2
128360,The Hateful Eight (2015),-0.08888888888888889,9,3.75,18
134130,The Martian (2015),0.21428571428571427,1,4.0,48
134170,Kung Fury (2015),-0.19444444444444442,3,3.7142857142857144,7
135133,The Hunger Games: Mockingjay - Part 2 (2015),0.07142857142857142,7,3.7,10
135518,Self/less (2015),0.0,4,2.75,2
135536,Suicide Squad (2016),-0.09210526315789473,19,2.9166666666666665,12
136864,Batman v Superman: Dawn of Justice (2016),-0.005555555555555554,9,2.34375,16
138036,The Man from U.N.C.L.E. (2015),0.125,2,3.4722222222222223,18
139385,The Revenant (2015),0.21428571428571427,7,3.903225806451613,31
139644,Sicario (2015),0.0,2,3.5454545454545454,11
140174,Room (2015),0.25,2,3.5625,8
141890,Beasts of No Nation (2015),0.0,1,3.0,2
143367,Silence (2016),-0.1875,4,3.75,2
144210,Just Eat It: A Food Waste Story (2014),0.0,2,4.0,1
148626,"Big Short, The (2015)",0.4166666666666667,3,3.9615384615384617,26
148881,World of Tomorrow (2015),0.125,2,4.5,2
152077,10 Cloverfield Lane (2016),-0.25,2,3.6785714285714284,14
152711,Who Killed Chea Vichea? (2010),0.0,5,5.0,1
153070,Rabbits (2002),0.0,1,3.5,1
155288,Eye in the Sky (2016),0.0,2,2.8333333333333335,3
156371,Everybody Wants Some (2016),0.0,1,4.166666666666667,3
156605,Paterson,0.11666666666666665,3,4.5,1
158872,Sausage Party (2016),-0.27999999999999997,5,3.642857142857143,7
158966,Captain Fantastic (2016),0.19999999999999998,6,4.5,5
161634,Don't Breathe (2016),0.2,1,3.3,5
164179,Arrival (2016),0.32346938775510203,7,3.980769230769231,26
164909,La La Land (2016),0.25,2,3.388888888888889,9
167746,The Lego Batman Movie (2017),0.125,2,3.7142857142857144,7
168248,John Wick: Chapter Two (2017),0.031249999999999993,8,4.142857142857143,7
168252,Logan (2017),-0.03,5,4.28,25
170945,It Comes at Night (2017),0.0,2,3.5,1
174053,Black Mirror: White Christmas (2014),0.1,5,4.75,4
174055,Dunkirk (2017),0.35555555555555557,3,3.423076923076923,13
176371,Blade Runner 2049 (2017),0.0875,8,3.8055555555555554,18
176419,Mother! (2017),-0.3333333333333333,3,3.25,2
179401,Jumanji: Welcome to the Jungle (2017),0.0875,4,3.6666666666666665,6
180031,The Shape of Water (2017),0.0,2,3.6875,8
180985,The Greatest Showman (2017),-0.6999999999999998,1,3.0,5
183611,Game Night (2018),0.08333333333333333,3,4.0,1
184471,Tomb Raider (2018),-0.13333333333333333,3,2.5,4
187593,Deadpool 2 (2018),0.0,3,3.875,12
187595,Solo: A Star Wars Story (2018),0.0,2,3.9,5
193565,Gintama: The Movie (2010),0.0,4,3.5,1
